Nom_produit,Architecture du chipset graphique,Bus,Fréquence d'horloge,Technologies supportées,Compatible VR (Réalité virtuelle),Sorties,Dimensions (L x l x H),Marque,Quantité Mémoire (Go),Type Mémoire,Bande passante mémoire (Gbps),Interface mémoire (bit),Finesse de gravure (nm),Alimentation recommandée (W),Prix (€),Chipset Graphique,Site Internet,Longueur,Largeur,Epaisseur
KFA2 GeForce RTX 3060 Ti (1-Click OC) (LHR),Ampere,PCI Express 4.0,  Base : 1 410 MHz Boost : 1 680 MHz,  Real Time Ray Tracing NVIDIA DLSS NVIDIA RTX IO NVIDIA Ansel NVIDIA G-SYNC™ HDR NVIDIA GPU Boost™ Microsoft DirectX™ 12 Ultimate OpenGL 4.6 Vulkan RT HDCP 2.3,Oui,  3 x DisplayPort 1.4a 1 x HDMI 2.1   Remarque : cette carte graphique supporte jusqu'à 4 écrans maximum.,  256.5 x 131.5 x 41.5 mm Dual slot,KFA2,8,GDDR6,14.0,256,8,600,449.99,GeForce RTX 3060,TopAchat.com,256.5,131.5,41.5
Sapphire Radeon RX 6700 PULSE ,RDNA2,PCI Express 4.0,  Base : 1941 MHz Game : 2230 MHz Boost : 2495 MHz,  DirectX® 12 Ultimate Raytracing matériel AMD FreeSync Radeon™ VR Ready Premium AMD FidelityFX Radeon™ Image Sharpening Radeon™ Anti-Lag Radeon™ Software,Oui,  3 x DisplayPort 1.4 1 x HDMI 2.1   Remarque : cette carte graphique supporte jusqu'à 4 écrans maximum.,  260 x 119.85 x 49 mm 2.2 slots,Sapphire,10,GDDR6,16.0,160,7,650,469.99,Radeon RX 6700,TopAchat.com,260,119.85,49
MSI Radeon RX 6750 XT MECH 2X OC ,RDNA2,PCI Express 4.0,  Base : 2321 MHz Game : 2512 MHz Boost : 2618 MHz,  DirectX® 12 Ultimate Raytracing matériel AMD FreeSync Radeon™ VR Ready Premium AMD FidelityFX Radeon™ Image Sharpening Radeon™ Anti-Lag Radeon™ Software,Oui,  3 x DisplayPort 1.4 1 x HDMI 2.1   Remarque : cette carte graphique supporte jusqu'à 4 écrans maximum.,  249 x 132 x 52 mm 2.5 slots,MSI,12,GDDR6,18.0,192,7,650,519.99,Radeon RX 6750,TopAchat.com,249,132,52
Sapphire Radeon RX 6600 PULSE ,RDNA2,PCI Express 4.0,  Game : 2044 MHz Boost : 2491 MHz,  DirectX® 12 Ultimate Raytracing matériel AMD FreeSync Radeon™ VR Ready Premium AMD FidelityFX Radeon™ Image Sharpening Radeon™ Anti-Lag Radeon™ Software,Oui,  3 x DisplayPort 1.4 1 x HDMI 2.1   Remarque : cette carte graphique supporte jusqu'à 4 écrans maximum.,  193 x 120.05 x 40.05 mm Dual slot,Sapphire,8,GDDR6,14.0,128,7,500,339.99,Radeon RX 6600,TopAchat.com,193,120.05,40.05
Gigabyte Radeon RX 6650 XT GAMING OC ,RDNA2,PCI Express 4.0,  Game : 2 523 MHz Boost : 2 694 MHz,  DirectX® 12 Ultimate Raytracing matériel AMD FreeSync Radeon™ VR Ready Premium AMD FidelityFX Radeon™ Image Sharpening Radeon™ Anti-Lag Radeon™ Software,Oui,  2 x DisplayPort 1.4 2 x HDMI 2.1   Remarque : cette carte graphique supporte jusqu'à 4 écrans maximum.,  282 x 115 x 50 mm 2.5 slots,Gigabyte,8,GDDR6,17.5,128,7,500,369.99,Radeon RX 6650,TopAchat.com,282,115,50
KFA2 GeForce RTX 3050 EX (LHR),Ampere,PCI Express 4.0,  Base : 1550 MHz Boost : 1822 MHz Via 1-Click OC (Xtreme Tuner Plus) : 1837 MHz,  Real Time Ray Tracing NVIDIA DLSS NVIDIA RTX IO NVIDIA Ansel NVIDIA G-SYNC™ HDR NVIDIA GPU Boost™ Microsoft DirectX™ 12 Ultimate OpenGL 4.6 Vulkan RT HDCP 2.3,Oui,  3 x DisplayPort 1.4a 1 x HDMI 2.1   Remarque : cette carte graphique supporte jusqu'à 4 écrans maximum.,"  224 x 133 x 44 mm 2,2 slots",KFA2,8,GDDR6,14.0,128,8,550,299.99,GeForce RTX 3050,TopAchat.com,224,133,44
KFA2 GeForce GTX 1630 EX (1-Click OC),Turing,PCI Express 3.0,  Base : 1 740 MHz Boost : 1 815 MHz,  NVIDIA Ansel NVIDIA G-SYNC™ NVIDIA GPU Boost™ Microsoft DirectX™ 12 OpenGL 4.5 Vulkan CUDA HDCP 2.2,Oui, 1 x DisplayPort 1.4 1 x HDMI 2.0b1 x DVI-D,  196 x 126 x 39 mm Dual slot,KFA2,4,GDDR6,0.0,64,12,300,174.99,GeForce GTX 1630,TopAchat.com,196,126,39
KFA2 GeForce RTX 3060 (12 Go) (1-Click OC) (LHR),Ampere,PCI Express 4.0,  Base : 1320 MHz Boost : 1777 MHz Via 1-Click OC (Xtreme Tuner Plus) : 1792 MHz,  Real Time Ray Tracing NVIDIA DLSS NVIDIA RTX IO NVIDIA Ansel NVIDIA G-SYNC™ HDR NVIDIA GPU Boost™ Microsoft DirectX™ 12 Ultimate OpenGL 4.6 Vulkan RT HDCP 2.3,Oui,  3 x DisplayPort 1.4a 1 x HDMI 2.1   Remarque : cette carte graphique supporte jusqu'à 4 écrans maximum.,  258 x 126 x 41.5 mm Dual slot,KFA2,12,GDDR6,15.0,192,8,550,399.99,GeForce RTX 3060,TopAchat.com,258,126,41.5
KFA2 GeForce RTX 3060 (8 Go) (1-Click OC) (LHR),Ampere,PCI Express 4.0,  Base : 1320 MHz Boost : 1777 MHz Via 1-Click OC (Xtreme Tuner Plus) : 1792 MHz,  Real Time Ray Tracing NVIDIA DLSS NVIDIA RTX IO NVIDIA Ansel NVIDIA G-SYNC™ HDR NVIDIA GPU Boost™ Microsoft DirectX™ 12 Ultimate OpenGL 4.6 Vulkan RT HDCP 2.3,Oui,  3 x DisplayPort 1.4a 1 x HDMI 2.1   Remarque : cette carte graphique supporte jusqu'à 4 écrans maximum.,  258 x 126 x 41.5 mm Dual slot,KFA2,8,GDDR6,15.0,128,8,550,349.99,GeForce RTX 3060,TopAchat.com,258,126,41.5
Gainward GeForce RTX 4070 Ti Phantom REUNION (12 Go),Ada Lovelace,PCI Express 4.0,  Base : 2310 MHz Boost : 2610 MHz,  Real Time Ray Tracing Encodage AV1 NVIDIA DLSS 3.0 NVIDIA RTX IO NVIDIA Ansel NVIDIA G-SYNC™ HDR NVIDIA GPU Boost™ Microsoft DirectX™ 12 Ultimate OpenGL 4.6 Vulkan RT HDCP 2.3,Oui,  3 x DisplayPort 1.4a 1 x HDMI 2.1,  313.9 x 137 x 59.7 mm 2.9 slot,Gainward,12,GDDR6X,21.0,192,4,750,999.99,GeForce RTX 4070,TopAchat.com,313.9,137,59.7
Gigabyte GeForce RTX 3060 EAGLE OC Rev 2.0 (12 Go) (LHR),Ampere,PCI Express 4.0,  Base : 1320 MHz Boost : 1807 MHz,  Real Time Ray Tracing NVIDIA DLSS NVIDIA RTX IO NVIDIA Ansel NVIDIA G-SYNC™ HDR NVIDIA GPU Boost™ Microsoft DirectX™ 12 Ultimate OpenGL 4.6 Vulkan RT HDCP 2.3,Oui,  2 x DisplayPort 1.4a 2 x HDMI 2.1   Remarque : cette carte graphique supporte jusqu'à 4 écrans maximum.,  242 x 124 x 41 mm Dual slot,Gigabyte,12,GDDR6,15.0,192,8,550,439.99,GeForce RTX 3060,TopAchat.com,242,124,41
Gigabyte GeForce RTX 4080 GAMING OC (16 Go),Ada Lovelace,PCI Express 4.0,  Base : 2205 MHz Boost : 2535 MHz,  Real Time Ray Tracing Encodage AV1 NVIDIA DLSS 3.0 NVIDIA RTX IO NVIDIA Ansel NVIDIA G-SYNC™ HDR NVIDIA GPU Boost™ Microsoft DirectX™ 12 Ultimate OpenGL 4.6 Vulkan RT HDCP 2.3,Oui,  3 x DisplayPort 1.4a 1 x HDMI 2.1,  342 x 150 x 75 mm 4 slot,Gigabyte,16,GDDR6X,22.4,256,4,850,1499.99,GeForce RTX 4080,TopAchat.com,342,150,75
KFA2 GeForce RTX 3060 Ti Plus V2 GDDR6X (1-Click OC) (LHR),Ampere,PCI Express 4.0,  Base : 1 410 MHz Boost : 1 680 MHz (Via le logiciel Xtreme Tuner Plus en utilisant 1-Click OC),  Real Time Ray Tracing NVIDIA DLSS NVIDIA RTX IO NVIDIA Ansel NVIDIA G-SYNC™ HDR NVIDIA GPU Boost™ Microsoft DirectX™ 12 Ultimate OpenGL 4.6 Vulkan RT HDCP 2.3,Oui,  3 x DisplayPort 1.4a 1 x HDMI 2.1   Remarque : cette carte graphique supporte jusqu'à 4 écrans maximum.,"  254 x 142 x 54 mm 2,5 slot",KFA2,8,GDDR6X,19.0,256,8,600,499.99,GeForce RTX 3060,TopAchat.com,254,142,54
Sapphire Radeon RX 7900 XT,RDNA3,PCI Express 4.0,  Base : 1500 MHz Game : 2000 MHz Boost : 2400 MHz,  DirectX® 12 Ultimate Raytracing matériel AMD FreeSync Radeon™ VR Ready Premium AMD FidelityFX Super Resolution Radeon™ Image Sharpening Radeon™ Anti-Lag Radeon™ Software,Oui,  2 x DisplayPort 2.1 1 x HDMI 2.1 1 x USB Type C   Remarque : cette carte graphique supporte jusqu'à 4 écrans maximum.,  276.4 x 112.7 x 51.25 mm 2.5 slots,Sapphire,20,GDDR6,20.0,320,7,750,1099.99,Radeon RX 7900,TopAchat.com,276.4,112.7,51.25
Asus GeForce RTX 3050 DUAL O8G (LHR),Ampere,PCI Express 4.0, Mode Gaming  Base : 1550 MHz Boost : 1822 MHz   Mode OC :   Base : 1550 MHz Boost : 1852 MHz,  Real Time Ray Tracing NVIDIA DLSS NVIDIA RTX IO NVIDIA Ansel NVIDIA G-SYNC™ HDR NVIDIA GPU Boost™ Microsoft DirectX™ 12 Ultimate OpenGL 4.6 Vulkan RT HDCP 2.3,Oui,  3 x DisplayPort 1.4a 1 x HDMI 2.1   Remarque : cette carte graphique supporte jusqu'à 4 écrans maximum.,  200 x 123 x 38 mm Dual slot,Asus,8,GDDR6,14.0,128,8,550,359.99,GeForce RTX 3050,TopAchat.com,200,123,38
MSI GeForce RTX 3060 VENTUS 2X OC (12 Go) (LHR),Ampere,PCI Express 4.0,  Base : 1 320 MHz Boost : 1 807 MHz,  Real Time Ray Tracing NVIDIA DLSS NVIDIA RTX IO NVIDIA Ansel NVIDIA G-SYNC™ HDR NVIDIA GPU Boost™ Microsoft DirectX™ 12 Ultimate OpenGL 4.6 Vulkan RT HDCP 2.3,Oui,  3 x DisplayPort 1.4a 1 x HDMI 2.1   Remarque : cette carte graphique supporte jusqu'à 4 écrans maximum.,  235 x 124 x 42 mm Dual slot,MSI,12,GDDR6,15.0,192,8,550,459.99,GeForce RTX 3060,TopAchat.com,235,124,42
Gigabyte GeForce RTX 3060 Ti EAGLE OC Rev 2.0 (LHR),Ampere,PCI Express 4.0,  Base : 1410 MHz Boost : 1695 MHz,  Real Time Ray Tracing NVIDIA DLSS NVIDIA RTX IO NVIDIA Ansel NVIDIA G-SYNC™ HDR NVIDIA GPU Boost™ Microsoft DirectX™ 12 Ultimate OpenGL 4.6 Vulkan RT HDCP 2.3,Oui,  2 x DisplayPort 1.4a 2 x HDMI 2.1   Remarque : cette carte graphique supporte jusqu'à 4 écrans maximum.,  242 x 124 x 41 mm Dual slot,Gigabyte,8,GDDR6,14.0,256,8,600,529.99,GeForce RTX 3060,TopAchat.com,242,124,41
Gainward GeForce RTX 4080 Phantom (16 Go),Ada Lovelace,PCI Express 4.0,  Base : 2205 MHz Boost : 2505 MHz,  Real Time Ray Tracing Encodage AV1 NVIDIA DLSS 3.0 NVIDIA RTX IO NVIDIA Ansel NVIDIA G-SYNC™ HDR NVIDIA GPU Boost™ Microsoft DirectX™ 12 Ultimate OpenGL 4.6 Vulkan RT HDCP 2.3,Oui,  3 x DisplayPort 1.4a 1 x HDMI 2.1,  329.4 x 141.6 x69.7 mm 3.5 slot,Gainward,16,GDDR6X,22.4,256,4,850,1469.99,GeForce RTX 4080,TopAchat.com,329.4,141.6,mm
Gigabyte GeForce RTX 4070 Ti GAMING OC (12 Go),Ada Lovelace,PCI Express 4.0,  Base : 2310 MHz Boost : 2640 MHz,  Real Time Ray Tracing Encodage AV1 NVIDIA DLSS 3.0 NVIDIA RTX IO NVIDIA Ansel NVIDIA G-SYNC™ HDR NVIDIA GPU Boost™ Microsoft DirectX™ 12 Ultimate OpenGL 4.6 Vulkan RT HDCP 2.3,Oui,  3 x DisplayPort 1.4a 1 x HDMI 2.1,  336 x 140 x 58 mm Triple slot,Gigabyte,12,GDDR6X,21.0,192,4,750,1079.99,GeForce RTX 4070,TopAchat.com,336,140,58
Asus GeForce RTX 3060 DUAL O8G (8 Go) (LHR),Ampere,PCI Express 4.0, Gaming Mode :  Base : 1320 MHz Boost : 1837 MHz  OC Mode :   Base : 1320 MHz Boost : 1867 MHz,  Real Time Ray Tracing NVIDIA DLSS NVIDIA RTX IO NVIDIA Ansel NVIDIA G-SYNC™ HDR NVIDIA GPU Boost™ Microsoft DirectX™ 12 Ultimate OpenGL 4.6 Vulkan RT HDCP 2.3,Oui,  3 x DisplayPort 1.4a 1 x HDMI 2.1   Remarque : cette carte graphique supporte jusqu'à 4 écrans maximum.,  200 x 123 x 38 mm Dual slot,Asus,8,GDDR6,15.0,128,8,650,399.99,GeForce RTX 3060,TopAchat.com,200,123,38
Sapphire Radeon RX 6700 XT PULSE ,RDNA2,PCI Express 4.0,  Base : 2321 MHz Game : 2424 MHz Boost : 2581 MHz,  DirectX® 12 Ultimate Raytracing matériel AMD FreeSync Radeon™ VR Ready Premium AMD FidelityFX Radeon™ Image Sharpening Radeon™ Anti-Lag Radeon™ Software,Oui,  3 x DisplayPort 1.4 1 x HDMI 2.1   Remarque : cette carte graphique supporte jusqu'à 4 écrans maximum.,  280 x 122.75 x 50.47 mm 2.7 slots,Sapphire,12,GDDR6,16.0,192,7,650,509.99,Radeon RX 6700,TopAchat.com,280,122.75,50.47
Asus GeForce RTX 3060 PHOENIX v2 (12 Go) (LHR),Ampere,PCI Express 4.0, Gaming Mode :  Base : 1320 MHz Boost : 1777 MHz  OC Mode :   Base : 1320 MHz Boost : 1807 MHz,  Real Time Ray Tracing NVIDIA DLSS NVIDIA RTX IO NVIDIA Ansel NVIDIA G-SYNC™ HDR NVIDIA GPU Boost™ Microsoft DirectX™ 12 Ultimate OpenGL 4.6 Vulkan RT HDCP 2.3,Oui,  3 x DisplayPort 1.4a 1 x HDMI 2.1   Remarque : cette carte graphique supporte jusqu'à 4 écrans maximum.,  177 x 128 x 51 mm Dual slot,Asus,12,GDDR6,15.0,192,8,650,399.99,GeForce RTX 3060,TopAchat.com,177,128,51
PowerColor Radeon RX 7900 XT,RDNA3,PCI Express 4.0,  Base : 1500 MHz Game : 2000 MHz Boost : 2400 MHz,  DirectX® 12 Ultimate Raytracing matériel AMD FreeSync Radeon™ VR Ready Premium AMD FidelityFX Super Resolution Radeon™ Image Sharpening Radeon™ Anti-Lag Radeon™ Software,Oui,  2 x DisplayPort 2.1 1 x HDMI 2.1 1 x USB Type C   Remarque : cette carte graphique supporte jusqu'à 4 écrans maximum.,  276.4 x 112.7 x 51.25 mm 2.5 slots,PowerColor,20,GDDR6,20.0,320,7,750,1059.99,Radeon RX 7900,TopAchat.com,276.4,112.7,51.25
MSI GeForce RTX 4080 SUPRIM X (16 Go),Ada Lovelace,PCI Express 4.0,  Base : 2205 MHz Boost : 2625 MHz Via MSI Center : 2640 MHz,  Real Time Ray Tracing Encodage AV1 NVIDIA DLSS 3.0 NVIDIA RTX IO NVIDIA Ansel NVIDIA G-SYNC™ HDR NVIDIA GPU Boost™ Microsoft DirectX™ 12 Ultimate OpenGL 4.6 Vulkan RT HDCP 2.3,Oui,  3 x DisplayPort 1.4a 1 x HDMI 2.1,  336 x 142 x 78 mm 3.5 slot,MSI,16,GDDR6X,22.4,256,4,850,1629.99,GeForce RTX 4080,TopAchat.com,336,142,78
MSI GeForce RTX 4080 GAMING X TRIO (16 Go),Ada Lovelace,PCI Express 4.0,  Base : 2205 MHz Boost : 2595 MHz Via MSI Center : 2610 MHz,  Real Time Ray Tracing Encodage AV1 NVIDIA DLSS 3.0 NVIDIA RTX IO NVIDIA Ansel NVIDIA G-SYNC™ HDR NVIDIA GPU Boost™ Microsoft DirectX™ 12 Ultimate OpenGL 4.6 Vulkan RT HDCP 2.3,Oui,  3 x DisplayPort 1.4a 1 x HDMI 2.1,  337 x 140 x 67 mm 3.2 slot,MSI,16,GDDR6X,22.4,256,4,850,1549.99,GeForce RTX 4080,TopAchat.com,337,140,67
Intel ARC A770 ,Xe HPG,PCI Express 4.0,2100 MHz,  Real Time Ray Tracing Xe Super Sampling (XeSS) Prise en charge codec AV1 avec accélération matérielle Microsoft DirectX™ 12 Ultimate Adaptive Sync Variable Rate Shading (VRS) OpenGL 4.6 Vulkan 1.3,Oui,  3 x DisplayPort 2.0 1 x HDMI 2.1   Remarque : cette carte graphique supporte jusqu'à 4 écrans maximum.,  270 x 115 mm Dual slot,Intel,16,GDDR6,16.0,256,6,550,459.99,ARC A770,TopAchat.com,270,115,Dual
PowerColor Radeon RX 6700 XT FIGHTER ,RDNA2,PCI Express 4.0,  Game : 2424 MHz Boost : 2581 MHz,  DirectX® 12 Ultimate Raytracing matériel AMD FreeSync Radeon™ VR Ready Premium AMD FidelityFX Radeon™ Image Sharpening Radeon™ Anti-Lag Radeon™ Software,Oui,  3 x DisplayPort 1.4 1 x HDMI 2.1,  228 x 109 x 39 mm Dual slot,PowerColor,12,GDDR6,16.0,192,7,650,499.99,Radeon RX 6700,TopAchat.com,228,109,39
PNY GeForce RTX 3060 Ti VERTO Dual Fan (LHR),Ampere,PCI Express 4.0,  Base : 1410 MHz Boost : 1665 MHz,  Real Time Ray Tracing NVIDIA DLSS NVIDIA RTX IO NVIDIA Ansel NVIDIA G-SYNC™ HDR NVIDIA GPU Boost™ Microsoft DirectX™ 12 Ultimate OpenGL 4.6 Vulkan RT HDCP 2.3,Oui,  3 x DisplayPort 1.4a 1 x HDMI 2.1   Remarque : cette carte graphique supporte jusqu'à 4 écrans maximum.,  247 x 118 x 39 mm Dual slot,PNY,8,GDDR6,14.0,256,8,600,509.99,GeForce RTX 3060,TopAchat.com,247,118,39
PNY GeForce RTX 3050 VERTO (LHR),Ampere,PCI Express 4.0, Mode Gaming  Base : 1552 MHz Boost : 1777 MHz,  Real Time Ray Tracing NVIDIA DLSS NVIDIA RTX IO NVIDIA Ansel NVIDIA G-SYNC™ HDR NVIDIA GPU Boost™ Microsoft DirectX™ 12 Ultimate OpenGL 4.6 Vulkan RT HDCP 2.3,Oui,  3 x DisplayPort 1.4a 1 x HDMI 2.1   Remarque : cette carte graphique supporte jusqu'à 4 écrans maximum.,  229 x 114 x 44 mm Dual slot,PNY,8,GDDR6,14.0,128,8,550,359.99,GeForce RTX 3050,TopAchat.com,229,114,44
MSI GeForce RTX 3060 Ti VENTUS 2X 8G OCV1 (LHR),Ampere,PCI Express 4.0,  Base : 1 410 MHz Boost : 1 695 MHz,  Real Time Ray Tracing NVIDIA DLSS NVIDIA RTX IO NVIDIA Ansel NVIDIA G-SYNC™ HDR NVIDIA GPU Boost™ Microsoft DirectX™ 12 Ultimate OpenGL 4.6 Vulkan RT HDCP 2.3,Oui,  3 x DisplayPort 1.4a 1 x HDMI 2.1   Remarque : cette carte graphique supporte jusqu'à 4 écrans maximum.,  235 x 124 x 42 mm Dual slot,MSI,8,GDDR6,14.0,256,8,650,579.99,GeForce RTX 3060,TopAchat.com,235,124,42
MSI Radeon RX 6400 AERO ITX ,RDNA2,PCI Express 4.0,  Game : 2039 MHz Boost : 2321 MHz,  DirectX® 12 Ultimate Raytracing matériel AMD FreeSync Radeon™ VR Ready Premium AMD FidelityFX Radeon™ Image Sharpening Radeon™ Anti-Lag Radeon™ Software,Oui,  1 x DisplayPort 1.4a 1 x HDMI 2.1,  172 x 112 x39 mm Dual slot,MSI,4,GDDR6,16.0,64,7,350,159.99,Radeon RX 6400,TopAchat.com,172,112,mm
PNY GeForce RTX 3060 VERTO (12 Go) (LHR),Ampere,PCI Express 4.0,  Base : 1320 MHz Boost : 1777 MHz,  Real Time Ray Tracing NVIDIA DLSS NVIDIA RTX IO NVIDIA Ansel NVIDIA G-SYNC™ HDR NVIDIA GPU Boost™ Microsoft DirectX™ 12 Ultimate OpenGL 4.6 Vulkan RT HDCP 2.3,Oui,  3 x DisplayPort 1.4a 1 x HDMI 2.1   Remarque : cette carte graphique supporte jusqu'à 4 écrans maximum.,  247 x 118 x 39 mm Dual slot,PNY,12,GDDR6,15.0,192,8,550,419.99,GeForce RTX 3060,TopAchat.com,247,118,39
Intel ARC A750 ,Xe HPG,PCI Express 4.0,2050 MHz,  Real Time Ray Tracing Xe Super Sampling (XeSS) Prise en charge codec AV1 avec accélération matérielle Microsoft DirectX™ 12 Ultimate Adaptive Sync Variable Rate Shading (VRS) OpenGL 4.6 Vulkan 1.3,Oui,  3 x DisplayPort 2.0 1 x HDMI 2.1   Remarque : cette carte graphique supporte jusqu'à 4 écrans maximum.,  270 x 115 mm Dual slot,Intel,8,GDDR6,16.0,256,6,550,379.99,ARC A750,TopAchat.com,270,115,Dual
Gigabyte GeForce RTX 3050 GAMING OC (LHR),Ampere,PCI Express 4.0,  Base : 1550 MHz Boost : 1822 MHz,  Real Time Ray Tracing NVIDIA DLSS NVIDIA RTX IO NVIDIA Ansel NVIDIA G-SYNC™ HDR NVIDIA GPU Boost™ Microsoft DirectX™ 12 Ultimate OpenGL 4.6 Vulkan RT HDCP 2.3,Oui,  2 x DisplayPort 1.4a 2 x HDMI 2.1   Remarque : cette carte graphique supporte jusqu'à 4 écrans maximum.,  282 x 117 x 41 mm Dual slot,Gigabyte,8,GDDR6,14.0,128,8,450,399.99,GeForce RTX 3050,TopAchat.com,282,117,41
Sapphire Radeon RX 6700 XT NITRO,RDNA2,PCI Express 4.0,  Base : 2321 MHz Game : 2548 MHz Boost : 2622 MHz,  DirectX® 12 Ultimate Raytracing matériel AMD FreeSync Radeon™ VR Ready Premium AMD FidelityFX Radeon™ Image Sharpening Radeon™ Anti-Lag Radeon™ Software,Oui,  3 x DisplayPort 1.4 1 x HDMI 2.1   Remarque : cette carte graphique supporte jusqu'à 4 écrans maximum.,  310.05 x 130.75 x 51.4 mm 2.5 slots,Sapphire,12,GDDR6,16.0,192,7,650,499.99,Radeon RX 6700,TopAchat.com,310.05,130.75,51.4
AORUS GeForce RTX 3070 Ti MASTER (LHR),Ampere,PCI Express 4.0,  Base : 1580 MHz Boost : 1875 MHz,  Real Time Ray Tracing NVIDIA DLSS NVIDIA RTX IO NVIDIA Ansel NVIDIA G-SYNC™ HDR NVIDIA GPU Boost™ Microsoft DirectX™ 12 Ultimate OpenGL 4.6 Vulkan RT HDCP 2.3,Oui,  3 x DisplayPort 1.4a 3 x HDMI 2.1   Remarque : cette carte graphique supporte jusqu'à 4 écrans maximum.,"  324 x 142 x 70 mm 3,5 slots",AORUS,8,GDDR6X,19.0,256,8,850,849.99,GeForce RTX 3070,TopAchat.com,324,142,70
Gigabyte GeForce RTX 3050 EAGLE OC (LHR),Ampere,PCI Express 4.0,  Base : 1550 MHz Boost : 1792 MHz,  Real Time Ray Tracing NVIDIA DLSS NVIDIA RTX IO NVIDIA Ansel NVIDIA G-SYNC™ HDR NVIDIA GPU Boost™ Microsoft DirectX™ 12 Ultimate OpenGL 4.6 Vulkan RT HDCP 2.3,Oui,  2 x DisplayPort 1.4a 2 x HDMI 2.1   Remarque : cette carte graphique supporte jusqu'à 4 écrans maximum.,  213 x 120 x 41 mm Dual slot,Gigabyte,8,GDDR6,14.0,128,8,450,379.99,GeForce RTX 3050,TopAchat.com,213,120,41
Gainward GeForce RTX 4080 Phantom GS (16 Go),Ada Lovelace,PCI Express 4.0,  Base : 2205 MHz Boost : 2640 MHz,  Real Time Ray Tracing Encodage AV1 NVIDIA DLSS 3.0 NVIDIA RTX IO NVIDIA Ansel NVIDIA G-SYNC™ HDR NVIDIA GPU Boost™ Microsoft DirectX™ 12 Ultimate OpenGL 4.6 Vulkan RT HDCP 2.3,Oui,  3 x DisplayPort 1.4a 1 x HDMI 2.1,  329.4 x 141.6 x69.7 mm 3.5 slot,Gainward,16,GDDR6X,22.4,256,4,850,1499.99,GeForce RTX 4080,TopAchat.com,329.4,141.6,mm
Gigabyte GeForce GTX 1630 OC,Turing,PCI Express 3.0,  Base : 1 740 MHz Boost : 1 815 MHz,  NVIDIA Ansel NVIDIA G-SYNC™ NVIDIA GPU Boost™ Microsoft DirectX™ 12 OpenGL 4.5 Vulkan CUDA HDCP 2.2,Oui,  1 x DisplayPort 1.4a 1 x HDMI 2.0b 1 x DVI-D,  153 x 116 x 36 mm Dual slot,Gigabyte,4,GDDR6,0.0,64,12,300,199.99,GeForce GTX 1630,TopAchat.com,153,116,36
Asus GeForce RTX 4080 TUF O16G GAMING (16 Go),Ada Lovelace,PCI Express 4.0,  Base : 2205 MHz Mode Gaming : 2595 MHz Mode OC : 2625 MHz,  Real Time Ray Tracing Encodage AV1 NVIDIA DLSS 3.0 NVIDIA RTX IO NVIDIA Ansel NVIDIA G-SYNC™ HDR NVIDIA GPU Boost™ Microsoft DirectX™ 12 Ultimate OpenGL 4.6 Vulkan RT HDCP 2.3,Oui,  3 x DisplayPort 1.4a 2 x HDMI 2.1,  348.2 x 150 x 72.6 mm 3.5 slot,Asus,16,GDDR6X,22.4,256,4,750,1599.99,GeForce RTX 4080,TopAchat.com,348.2,150,72.6
Gigabyte Radeon RX 6400 EAGLE ,RDNA2,PCI Express 4.0,  Game : 2039 MHz Boost : 2321 MHz,  DirectX® 12 Ultimate Raytracing matériel AMD FreeSync Radeon™ VR Ready Premium AMD FidelityFX Radeon™ Image Sharpening Radeon™ Anti-Lag Radeon™ Software,Oui,  1 x DisplayPort 1.4 1 x HDMI 2.1,  192 x 117 x 38 mm Dual slot,Gigabyte,4,GDDR6,16.0,64,7,350,209.99,Radeon RX 6400,TopAchat.com,192,117,38
Zotac GeForce RTX 4080 Trinity OC (16 Go),Ada Lovelace,PCI Express 4.0,  Base : 2205 MHz Boost : 2520 MHz,  Real Time Ray Tracing Encodage AV1 NVIDIA DLSS 3.0 NVIDIA RTX IO NVIDIA Ansel NVIDIA G-SYNC™ HDR NVIDIA GPU Boost™ Microsoft DirectX™ 12 Ultimate OpenGL 4.6 Vulkan RT HDCP 2.3,Oui,  3 x DisplayPort 1.4a 1 x HDMI 2.1,  356.1 x 150.1 x 71.4 mm 3.5 slot,Zotac,16,GDDR6X,22.4,256,4,750,1559.99,GeForce RTX 4080,TopAchat.com,356.1,150.1,71.4
Asus GeForce RTX 3060 Ti DUAL MINI O8G V2 (LHR),Ampere,PCI Express 4.0,Mode Gaming  Base : 1410 MHz Boost : 1680 MHz   Mode OC  Base : 1410 MHz Boost : 1710 MHz,  Real Time Ray Tracing NVIDIA DLSS NVIDIA RTX IO NVIDIA Ansel NVIDIA G-SYNC™ HDR NVIDIA GPU Boost™ Microsoft DirectX™ 12 Ultimate OpenGL 4.6 Vulkan RT HDCP 2.3,Oui,  3 x DisplayPort 1.4a 1 x HDMI 2.1   Remarque : cette carte graphique supporte jusqu'à 4 écrans maximum.,  200 x 123 x 38 mm Dual slot,Asus,8,GDDR6,14.0,256,8,750,529.99,GeForce RTX 3060,TopAchat.com,200,123,38
Sapphire Radeon RX 7900 XT NITRO,RDNA3,PCI Express 4.0,  Base : 1500 MHz Game : 2220 MHz Boost : 2560 MHz,  DirectX® 12 Ultimate Raytracing matériel AMD FreeSync Radeon™ VR Ready Premium AMD FidelityFX Super Resolution Radeon™ Image Sharpening Radeon™ Anti-Lag Radeon™ Software,Oui,  2 x DisplayPort 2.1 2 x HDMI 2.1   Remarque : cette carte graphique supporte jusqu'à 4 écrans maximum.,  320 x 135.75 x 71.6 mm 3.5 slots,Sapphire,20,GDDR6,20.0,320,7,750,1189.99,Radeon RX 7900,TopAchat.com,320,135.75,71.6
Sapphire Radeon RX 7900 XTX PULSE,RDNA3,PCI Express 4.0,  Base : 1900 MHz Game : 2330 MHz Boost : 2525 MHz,  DirectX® 12 Ultimate Raytracing matériel AMD FreeSync Radeon™ VR Ready Premium AMD FidelityFX Super Resolution Radeon™ Image Sharpening Radeon™ Anti-Lag Radeon™ Software,Oui,  2 x DisplayPort 2.1 2 x HDMI 2.1 Remarque : cette carte graphique supporte jusqu'à 4 écrans maximum.,  313 x 133.75 x 52.67 mm2.7 slots,Sapphire,24,GDDR6,20.0,384,7,800,1269.99,Radeon RX 7900,TopAchat.com,313,133.75,52.67
Sapphire Radeon RX 7900 XT PULSE,RDNA3,PCI Express 4.0,  Base : 1500 MHz Game : 2075 MHz Boost : 2450 MHz,  DirectX® 12 Ultimate Raytracing matériel AMD FreeSync Radeon™ VR Ready Premium AMD FidelityFX Super Resolution Radeon™ Image Sharpening Radeon™ Anti-Lag Radeon™ Software,Oui,  2 x DisplayPort 2.1 2 x HDMI 2.1   Remarque : cette carte graphique supporte jusqu'à 4 écrans maximum.,  313 x 133.75 x 52.67 mm 2.7 slots,Sapphire,20,GDDR6,20.0,320,7,800,1129.99,Radeon RX 7900,TopAchat.com,313,133.75,52.67
Gigabyte GeForce RTX 4090 GAMING OC,Ada Lovelace,PCI Express 4.0,  Base : 2230 MHz Boost : 2535 MHz,  Real Time Ray Tracing Encodage AV1 NVIDIA DLSS 3.0 NVIDIA RTX IO NVIDIA Ansel NVIDIA G-SYNC™ HDR NVIDIA GPU Boost™ Microsoft DirectX™ 12 Ultimate OpenGL 4.6 Vulkan RT HDCP 2.3,Oui,  3 x DisplayPort 1.4a 1 x HDMI 2.1,  340 x 150.2 x 75.2 mm 4 slots,Gigabyte,24,GDDR6X,21.0,384,4,1000,2199.99,GeForce RTX 4090,TopAchat.com,340,150.2,75.2
Asus GeForce RTX 3060 Ti TUF O8GD6X GAMING (LHR),Ampere,PCI Express 4.0, Gaming Mode :  Base : 1410 MHz Boost : 1755 MHz  OC Mode :   Base : 1410 MHz Boost : 1785 MHz,  Real Time Ray Tracing NVIDIA DLSS NVIDIA RTX IO NVIDIA Ansel NVIDIA G-SYNC™ HDR NVIDIA GPU Boost™ Microsoft DirectX™ 12 Ultimate OpenGL 4.6 Vulkan RT HDCP 2.3,Oui,  3 x DisplayPort 1.4a 2 x HDMI 2.1   Remarque : cette carte graphique supporte jusqu'à 4 écrans maximum.,  302 x 142 x 54 mm 2.7 slot,Asus,8,GDDR6X,19.0,256,8,750,589.99,GeForce RTX 3060,TopAchat.com,302,142,54
Gainward GeForce RTX 3060 Ti Ghost (LHR),Ampere,PCI Express 4.0,  Base : 1410 MHz Boost : 1665 MHz,  Real Time Ray Tracing NVIDIA DLSS NVIDIA RTX IO NVIDIA Ansel NVIDIA G-SYNC™ HDR NVIDIA GPU Boost™ Microsoft DirectX™ 12 Ultimate OpenGL 4.6 Vulkan RT HDCP 2.3,Oui,  3 x DisplayPort 1.4a 1 x HDMI 2.1   Remarque : cette carte graphique supporte jusqu'à 4 écrans maximum.,  247 x 120 x 40 mm Dual slot,Gainward,8,GDDR6,14.0,256,8,600,529.99,GeForce RTX 3060,TopAchat.com,247,120,40
Asus Radeon RX 6650 XT DUAL O8G ,RDNA2,PCI Express 4.0,  Base : 2068 MHz Game : 2447 MHz / 2467 MHz (OC) Boost : 2669 MHz / 2689 MHz (OC),  DirectX® 12 Ultimate Raytracing matériel AMD FreeSync Radeon™ VR Ready Premium AMD FidelityFX Radeon™ Image Sharpening Radeon™ Anti-Lag Radeon™ Software,Oui,  3 x DisplayPort 1.4 1 x HDMI 2.1   Remarque : cette carte graphique supporte jusqu'à 4 écrans maximum.,  243 x 134 x 49 mm 2.5 slots,Asus,8,GDDR6,17.5,128,7,650,429.99,Radeon RX 6650,TopAchat.com,243,134,49
Gigabyte GeForce RTX 4080 AERO OC (16 Go),Ada Lovelace,PCI Express 4.0,  Base : 2205 MHz Boost : 2535 MHz,  Real Time Ray Tracing Encodage AV1 NVIDIA DLSS 3.0 NVIDIA RTX IO NVIDIA Ansel NVIDIA G-SYNC™ HDR NVIDIA GPU Boost™ Microsoft DirectX™ 12 Ultimate OpenGL 4.6 Vulkan RT HDCP 2.3,Oui,  3 x DisplayPort 1.4a 1 x HDMI 2.1,  342 x 150 x 75 mm 4 slot,Gigabyte,16,GDDR6X,22.4,256,4,850,1599.99,GeForce RTX 4080,TopAchat.com,342,150,75
Asus Radeon RX 6500 XT DUAL O4G ,RDNA2,PCI Express 4.0,Gaming  Game : 2650 MHz Boost : 2820 MHz  OC  Game : 2670 MHz Boost : 2820 MHz,  DirectX® 12 Ultimate Raytracing matériel AMD FreeSync Radeon™ VR Ready Premium AMD FidelityFX Radeon™ Image Sharpening Radeon™ Anti-Lag Radeon™ Software,Oui,  1 x DisplayPort 1.4 1 x HDMI 2.1,  201 x 128 x 40 mm Dual slot,Asus,4,GDDR6,18.0,64,7,500,209.99,Radeon RX 6500,TopAchat.com,201,128,40
Gigabyte GeForce RTX 4080 EAGLE OC (16 Go),Ada Lovelace,PCI Express 4.0,  Base : 2205 MHz Boost : 2520 MHz,  Real Time Ray Tracing Encodage AV1 NVIDIA DLSS 3.0 NVIDIA RTX IO NVIDIA Ansel NVIDIA G-SYNC™ HDR NVIDIA GPU Boost™ Microsoft DirectX™ 12 Ultimate OpenGL 4.6 Vulkan RT HDCP 2.3,Oui,  3 x DisplayPort 1.4a 1 x HDMI 2.1,  342 x 150 x 70 mm 3.5 slot,Gigabyte,16,GDDR6X,22.4,256,4,850,1549.99,GeForce RTX 4080,TopAchat.com,342,150,70
MSI GeForce RTX 3050 VENTUS 2X OC (LHR),Ampere,PCI Express 4.0,  Base : 1550 MHz Boost : 1807 MHz,  Real Time Ray Tracing NVIDIA DLSS NVIDIA RTX IO NVIDIA Ansel NVIDIA G-SYNC™ HDR NVIDIA GPU Boost™ Microsoft DirectX™ 12 Ultimate OpenGL 4.6 Vulkan RT HDCP 2.3,Oui,  3 x DisplayPort 1.4a 1 x HDMI 2.1   Remarque : cette carte graphique supporte jusqu'à 4 écrans maximum.,  235 x 124 x 42 mm Dual slot,MSI,8,GDDR6,14.0,128,8,550,379.99,GeForce RTX 3050,TopAchat.com,235,124,42
Asus Radeon RX 6400 PH ,RDNA2,PCI Express 4.0,  Game : 2039 MHz Boost : 2321 MHz,  DirectX® 12 Ultimate Raytracing matériel AMD FreeSync Radeon™ VR Ready Premium AMD FidelityFX Radeon™ Image Sharpening Radeon™ Anti-Lag Radeon™ Software,Oui,  1 x DisplayPort 1.4a 1 x HDMI 2.1,  196 x 128 x 40.5 mm Dual slot,Asus,4,GDDR6,16.0,64,7,500,184.99,Radeon RX 6400,TopAchat.com,196,128,40.5
Asus Radeon RX 6700 XT DUAL OC ,RDNA2,PCI Express 4.0, Gaming Mode :  Base : 2321 MHz Game : 2474 MHz Boost : 2620 MHz   OC Mode :  Base : 2321 MHz Game : 2494 MHz Boost : 2622 MHz,  DirectX® 12 Ultimate Raytracing matériel AMD FreeSync Radeon™ VR Ready Premium AMD FidelityFX Radeon™ Image Sharpening Radeon™ Anti-Lag Radeon™ Software,Oui,  3 x DisplayPort 1.4 1 x HDMI 2.1   Remarque : cette carte graphique supporte jusqu'à 4 écrans maximum.,  295 x 139 x 55 mm 2.7 slots,Asus,12,GDDR6,16.0,192,7,650,529.99,Radeon RX 6700,TopAchat.com,295,139,55
Zotac GeForce RTX 4080 AMP Extreme AIRO (16 Go),Ada Lovelace,PCI Express 4.0,  Base : 2205 MHz Boost : 2565 MHz,  Real Time Ray Tracing Encodage AV1 NVIDIA DLSS 3.0 NVIDIA RTX IO NVIDIA Ansel NVIDIA G-SYNC™ HDR NVIDIA GPU Boost™ Microsoft DirectX™ 12 Ultimate OpenGL 4.6 Vulkan RT HDCP 2.3,Oui,  3 x DisplayPort 1.4a 1 x HDMI 2.1,  355.5 x 149.6 x 72.1 mm 3.5 slot,Zotac,16,GDDR6X,22.4,256,4,750,1599.99,GeForce RTX 4080,TopAchat.com,355.5,149.6,72.1
MSI GeForce RTX 4090 SUPRIM X,Ada Lovelace,PCI Express 4.0,  Base : 2230 MHz Boost : 2625 MHz Extreme Performance : 2640 MHz (via MSI Center),  Real Time Ray Tracing Encodage AV1 NVIDIA DLSS 3.0 NVIDIA RTX IO NVIDIA Ansel NVIDIA G-SYNC™ HDR NVIDIA GPU Boost™ Microsoft DirectX™ 12 Ultimate OpenGL 4.6 Vulkan RT HDCP 2.3,Oui,  3 x DisplayPort 1.4a 1 x HDMI 2.1,  336 x 142 x 78 mm 4 slots,MSI,24,GDDR6X,21.0,384,4,1000,2199.99,GeForce RTX 4090,TopAchat.com,336,142,78
MSI GeForce RTX 3050 VENTUS 2X (LHR),Ampere,PCI Express 4.0,  Base : 1550 MHz Boost : 1777 MHz,  Real Time Ray Tracing NVIDIA DLSS NVIDIA RTX IO NVIDIA Ansel NVIDIA G-SYNC™ HDR NVIDIA GPU Boost™ Microsoft DirectX™ 12 Ultimate OpenGL 4.6 Vulkan RT HDCP 2.3,Oui,  3 x DisplayPort 1.4a 1 x HDMI 2.1   Remarque : cette carte graphique supporte jusqu'à 4 écrans maximum.,  235 x 124 x 42 mm Dual slot,MSI,8,GDDR6,14.0,128,8,550,379.99,GeForce RTX 3050,TopAchat.com,235,124,42
PowerColor Radeon RX 6650 XT Red Devil ,RDNA2,PCI Express 4.0,  Base : 2068 MHz Game : 2523 MHz / 2447 MHz (mode silencieux) Boost : 2694 MHz / 2669 MHz (mode silencieux),  DirectX® 12 Ultimate Raytracing matériel AMD FreeSync Radeon™ VR Ready Premium AMD FidelityFX Radeon™ Image Sharpening Radeon™ Anti-Lag Radeon™ Software,Oui,  3 x DisplayPort 1.4 1 x HDMI 2.1   Remarque : cette carte graphique supporte jusqu'à 4 écrans maximum.,  251.2 x 132.8 x 53.6 mm 2.5 slots,PowerColor,8,GDDR6,17.5,128,7,600,459.99,Radeon RX 6650,TopAchat.com,251.2,132.8,53.6
Gainward GeForce RTX 4090 Phantom,Ada Lovelace,PCI Express 4.0,  Base : 2230 MHz Boost : 2520 MHz,  Real Time Ray Tracing Encodage AV1 NVIDIA DLSS 3.0 NVIDIA RTX IO NVIDIA Ansel NVIDIA G-SYNC™ HDR NVIDIA GPU Boost™ Microsoft DirectX™ 12 Ultimate OpenGL 4.6 Vulkan RT HDCP 2.3,Oui,  3 x DisplayPort 1.4a 1 x HDMI 2.1,"  329.4 x 141.6 x 69.7 mm 3,5 slots",Gainward,24,GDDR6X,21.0,384,4,1000,1949.99,GeForce RTX 4090,TopAchat.com,329.4,141.6,69.7
PowerColor Radeon RX 6650 XT HellHound ,RDNA2,PCI Express 4.0,  Base : 2068 MHz Game : 2486 MHz Boost : 2689 MHz,  DirectX® 12 Ultimate Raytracing matériel AMD FreeSync Radeon™ VR Ready Premium AMD FidelityFX Radeon™ Image Sharpening Radeon™ Anti-Lag Radeon™ Software,Oui,  3 x DisplayPort 1.4 1 x HDMI 2.1   Remarque : cette carte graphique supporte jusqu'à 4 écrans maximum.,  220 x 132 x 45 mm 2.2 slots,PowerColor,8,GDDR6,17.5,128,7,600,429.99,Radeon RX 6650,TopAchat.com,220,132,45
Sapphire Radeon RX 6650 XT NITRO,RDNA2,PCI Express 4.0,  Base : 2162 MHz Game : 2523 MHz Boost : 2694 MHz,  DirectX® 12 Ultimate Raytracing matériel AMD FreeSync Radeon™ VR Ready Premium AMD FidelityFX Radeon™ Image Sharpening Radeon™ Anti-Lag Radeon™ Software,Oui,  3 x DisplayPort 1.4 1 x HDMI 2.1   Remarque : cette carte graphique supporte jusqu'à 4 écrans maximum.,  260 x 130 x 57.57 mm 2.5 slots,Sapphire,8,GDDR6,17.5,128,7,500,419.99,Radeon RX 6650,TopAchat.com,260,130,57.57
Asus Radeon RX 6400 DUAL ,RDNA2,PCI Express 4.0,  Game : 2039 MHz Boost : 2321 MHz,  DirectX® 12 Ultimate Raytracing matériel AMD FreeSync Radeon™ VR Ready Premium AMD FidelityFX Radeon™ Image Sharpening Radeon™ Anti-Lag Radeon™ Software,Oui,  1 x DisplayPort 1.4 1 x HDMI 2.1,  201 x 124 x 40.5 mm Dual slot,Asus,4,GDDR6,16.0,64,7,500,189.99,Radeon RX 6400,TopAchat.com,201,124,40.5
Asus GeForce RTX 3060 Ti DUAL O8G V2 (LHR),Ampere,PCI Express 4.0,Mode Gaming  Base : 1410 MHz Boost : 1710 MHz   Mode OC  Base : 1410 MHz Boost : 1740 MHz,  Real Time Ray Tracing NVIDIA DLSS NVIDIA RTX IO NVIDIA Ansel NVIDIA G-SYNC™ HDR NVIDIA GPU Boost™ Microsoft DirectX™ 12 Ultimate OpenGL 4.6 Vulkan RT HDCP 2.3,Oui,  3 x DisplayPort 1.4a 2 x HDMI 2.1   Remarque : cette carte graphique supporte jusqu'à 4 écrans maximum.,  269 x 136 x 52 mm 2.7 slot,Asus,8,GDDR6,14.0,256,8,750,579.99,GeForce RTX 3060,TopAchat.com,269,136,52
MSI GeForce RTX 3060 AERO ITX OC (12 Go) (LHR),Ampere,PCI Express 4.0,  Base : 1 320 MHz Boost : 1 792 MHz,  Real Time Ray Tracing NVIDIA DLSS NVIDIA RTX IO NVIDIA Ansel NVIDIA G-SYNC™ HDR NVIDIA GPU Boost™ Microsoft DirectX™ 12 Ultimate OpenGL 4.6 Vulkan RT HDCP 2.3,Oui,  3 x DisplayPort 1.4a 1 x HDMI 2.1   Remarque : cette carte graphique supporte jusqu'à 4 écrans maximum.,  172 x 125 x 43 mm Dual slot,MSI,12,GDDR6,15.0,192,8,550,469.99,GeForce RTX 3060,TopAchat.com,172,125,43
AORUS GeForce RTX 4080 XTREME WATERFORCE WB (16 Go),Ada Lovelace,PCI Express 4.0,  Base : 2205 MHz Boost : 2565 MHz,  Real Time Ray Tracing Encodage AV1 NVIDIA DLSS 3.0 NVIDIA RTX IO NVIDIA Ansel NVIDIA G-SYNC™ HDR NVIDIA GPU Boost™ Microsoft DirectX™ 12 Ultimate OpenGL 4.6 Vulkan RT HDCP 2.3,Oui,  3 x DisplayPort 1.4a 1 x HDMI 2.1,  235 x 169 x 29 mm Dual slot,AORUS,16,GDDR6X,22.4,256,4,850,1849.99,GeForce RTX 4080,TopAchat.com,235,169,29
MSI Radeon RX 6500 XT MECH 2X OC ,RDNA2,PCI Express 4.0,  Game : 2685 MHz Boost : 2825 MHz,  DirectX® 12 Ultimate Raytracing matériel AMD FreeSync Radeon™ VR Ready Premium AMD FidelityFX Radeon™ Image Sharpening Radeon™ Anti-Lag Radeon™ Software,Oui,  1 x DisplayPort 1.4 1 x HDMI 2.1,  172 x 112 x 42 mm Dual slot,MSI,4,GDDR6,18.0,64,7,400,219.99,Radeon RX 6500,TopAchat.com,172,112,42
AORUS GeForce RTX 4090 MASTER 24G,Ada Lovelace,PCI Express 4.0,  Base : 2230 MHz Boost : 2550 MHz,  Real Time Ray Tracing Encodage AV1 NVIDIA DLSS 3.0 NVIDIA RTX IO NVIDIA Ansel NVIDIA G-SYNC™ HDR NVIDIA GPU Boost™ Microsoft DirectX™ 12 Ultimate OpenGL 4.6 Vulkan RT HDCP 2.3,Oui,  3 x DisplayPort 1.4a 1 x HDMI 2.1,  358.5 x 162.8 x 75.1 mm 4 slots,AORUS,24,GDDR6X,21.0,384,4,1000,2199.99,GeForce RTX 4090,TopAchat.com,358.5,162.8,75.1
KFA2 GeForce RTX 4080 SG (1-Click OC) (16 Go),Ada Lovelace,PCI Express 4.0,  Base : 2210 MHz Boost : 2565 MHz 1-Click OC : 2580 MHz,  Real Time Ray Tracing Encodage AV1 NVIDIA DLSS 3.0 NVIDIA RTX IO NVIDIA Ansel NVIDIA G-SYNC™ HDR NVIDIA GPU Boost™ Microsoft DirectX™ 12 Ultimate OpenGL 4.6 Vulkan RT HDCP 2.3,Oui,  3 x DisplayPort 1.4a 1 x HDMI 2.1,  352 x 153 x 66 mm 4 slots,KFA2,16,GDDR6X,22.4,256,4,750,1579.99,GeForce RTX 4080,TopAchat.com,352,153,66
MSI GeForce RTX 3060 VENTUS 3X OC (LHR),Ampere,PCI Express 4.0,  Base : 1 320 MHz Boost : 1 807 MHz,  Real Time Ray Tracing NVIDIA DLSS NVIDIA RTX IO NVIDIA Ansel NVIDIA G-SYNC™ HDR NVIDIA GPU Boost™ Microsoft DirectX™ 12 Ultimate OpenGL 4.6 Vulkan RT HDCP 2.3,Oui,  3 x DisplayPort 1.4a 1 x HDMI 2.1   Remarque : cette carte graphique supporte jusqu'à 4 écrans maximum.,  316 x 120 x 42 mm Dual slot,MSI,12,GDDR6,15.0,192,8,550,469.99,GeForce RTX 3060,TopAchat.com,316,120,42
Gigabyte GeForce RTX 4070 Ti EAGLE OC (12 Go),Ada Lovelace,PCI Express 4.0,  Base : 2310 MHz Boost : 2625 MHz,  Real Time Ray Tracing Encodage AV1 NVIDIA DLSS 3.0 NVIDIA RTX IO NVIDIA Ansel NVIDIA G-SYNC™ HDR NVIDIA GPU Boost™ Microsoft DirectX™ 12 Ultimate OpenGL 4.6 Vulkan RT HDCP 2.3,Oui,  3 x DisplayPort 1.4a 1 x HDMI 2.1,  301 x 136 x 58 mm 3 slot,Gigabyte,12,GDDR6X,21.0,192,4,750,1039.99,GeForce RTX 4070,TopAchat.com,301,136,58
Asus GeForce RTX 4080 ROG STRIX O16G WHITE (16 Go),Ada Lovelace,PCI Express 4.0,  Base : 2205 MHz Mode Gaming : 2625 MHz Mode OC : 2655 MHz,  Real Time Ray Tracing Encodage AV1 NVIDIA DLSS 3.0 NVIDIA RTX IO NVIDIA Ansel NVIDIA G-SYNC™ HDR NVIDIA GPU Boost™ Microsoft DirectX™ 12 Ultimate OpenGL 4.6 Vulkan RT HDCP 2.3,Oui,  3 x DisplayPort 1.4a 2 x HDMI 2.1,  357.6 x 149.3 x 70.1 mm 3.5 slot,Asus,16,GDDR6X,22.4,256,4,750,1899.99,GeForce RTX 4080,TopAchat.com,357.6,149.3,70.1
Gigabyte GeForce RTX 3060 Ti GAMING OC Rev 2.0 (LHR),Ampere,PCI Express 4.0,  Base : 1410 MHz Boost : 1740 MHz,  Real Time Ray Tracing NVIDIA DLSS NVIDIA RTX IO NVIDIA Ansel NVIDIA G-SYNC™ HDR NVIDIA GPU Boost™ Microsoft DirectX™ 12 Ultimate OpenGL 4.6 Vulkan RT HDCP 2.3,Oui,  2 x DisplayPort 1.4a 2 x HDMI 2.1   Remarque : cette carte graphique supporte jusqu'à 4 écrans maximum.,  282 x 117 x 41 mm Dual slot,Gigabyte,8,GDDR6,14.0,256,8,600,579.99,GeForce RTX 3060,TopAchat.com,282,117,41
ASRock Radeon RX 6650 XT Phantom Gaming D ,RDNA2,PCI Express 4.0,  Base : 2 192 MHz Game : 2 523 MHz Boost : 2 694 MHz,  DirectX® 12 Ultimate Raytracing matériel AMD FreeSync Radeon™ VR Ready Premium AMD FidelityFX Radeon™ Image Sharpening Radeon™ Anti-Lag Radeon™ Software,Oui,  3 x DisplayPort 1.4 1 x HDMI 2.1   Remarque : cette carte graphique supporte jusqu'à 4 écrans maximum.,  305 x 131 x 48 mm 2.5 slots,ASRock,8,GDDR6,17.5,128,7,600,489.99,Radeon RX 6650,TopAchat.com,305,131,48
MSI GeForce RTX 3050 AERO ITX OC (LHR),Ampere,PCI Express 4.0,  Base : 1550 MHz Boost : 1807 MHz,  Real Time Ray Tracing NVIDIA DLSS NVIDIA RTX IO NVIDIA Ansel NVIDIA G-SYNC™ HDR NVIDIA GPU Boost™ Microsoft DirectX™ 12 Ultimate OpenGL 4.6 Vulkan RT HDCP 2.3,Oui,  3 x DisplayPort 1.4a 1 x HDMI 2.1   Remarque : cette carte graphique supporte jusqu'à 4 écrans maximum.,  172 x 125 x 43 mm Dual slot,MSI,8,GDDR6,14.0,128,8,550,379.99,GeForce RTX 3050,TopAchat.com,172,125,43
Gainward GeForce RTX 3050 Ghost (LHR),Ampere,PCI Express 4.0,  Base : 1550 MHz Boost : 1777 MHz,  Real Time Ray Tracing NVIDIA DLSS NVIDIA RTX IO NVIDIA Ansel NVIDIA G-SYNC™ HDR NVIDIA GPU Boost™ Microsoft DirectX™ 12 Ultimate OpenGL 4.6 Vulkan RT HDCP 2.3,Oui,  3 x DisplayPort 1.4a 1 x HDMI 2.1   Remarque : cette carte graphique supporte jusqu'à 4 écrans maximum.,  245 x 119 mm Dual slot,Gainward,8,GDDR6,14.0,128,8,550,364.99,GeForce RTX 3050,TopAchat.com,245,119,Dual
Sapphire Radeon RX 6650 XT PULSE ,RDNA2,PCI Express 4.0,  Base : 2068 MHz Boost : 2635 MHz,  DirectX® 12 Ultimate Raytracing matériel AMD FreeSync Radeon™ VR Ready Premium AMD FidelityFX Radeon™ Image Sharpening Radeon™ Anti-Lag Radeon™ Software,Oui,  3 x DisplayPort 1.4 1 x HDMI 2.1   Remarque : cette carte graphique supporte jusqu'à 4 écrans maximum.,  240 x 119.85 x 44.75 mm Dual slot,Sapphire,8,GDDR6,17.5,128,7,500,439.99,Radeon RX 6650,TopAchat.com,240,119.85,44.75
Gigabyte GeForce RTX 3060 Ti VISION OC Rev 2.0 (LHR),Ampere,PCI Express 4.0,  Base : 1410 MHz Boost : 1755 MHz,  Real Time Ray Tracing NVIDIA DLSS NVIDIA RTX IO NVIDIA Ansel NVIDIA G-SYNC™ HDR NVIDIA GPU Boost™ Microsoft DirectX™ 12 Ultimate OpenGL 4.6 Vulkan RT HDCP 2.3,Oui,  2 x DisplayPort 1.4a 2 x HDMI 2.1   Remarque : cette carte graphique supporte jusqu'à 4 écrans maximum.,  281 x 115 x 40 mm Dual slot,Gigabyte,8,GDDR6,14.0,256,8,650,549.99,GeForce RTX 3060,TopAchat.com,281,115,40
Zotac GeForce RTX 4090 AMP Extreme AIRO,Ada Lovelace,PCI Express 4.0,  Base : 2230 MHz Boost : 2580 MHz,  Real Time Ray Tracing Encodage AV1 NVIDIA DLSS 3.0 NVIDIA RTX IO NVIDIA Ansel NVIDIA G-SYNC™ HDR NVIDIA GPU Boost™ Microsoft DirectX™ 12 Ultimate OpenGL 4.6 Vulkan RT HDCP 2.3,Oui,  3 x DisplayPort 1.4a 1 x HDMI 2.1,"  355.5 x 149.6 x 72.1 mm 3,5 slots",Zotac,24,GDDR6X,21.0,384,4,1000,2159.99,GeForce RTX 4090,TopAchat.com,355.5,149.6,72.1
MSI Radeon RX 6650 XT GAMING X ,RDNA2,PCI Express 4.0,  Base : 2068 MHz Game : 2523 MHz Boost : 2694 MHz,  DirectX® 12 Ultimate Raytracing matériel AMD FreeSync Radeon™ VR Ready Premium AMD FidelityFX Radeon™ Image Sharpening Radeon™ Anti-Lag Radeon™ Software,Oui,  3 x DisplayPort 1.4 1 x HDMI 2.1   Remarque : cette carte graphique supporte jusqu'à 4 écrans maximum.,  278 x 130 x 51 mm 2.5 slots,MSI,8,GDDR6,17.5,128,7,500,499.99,Radeon RX 6650,TopAchat.com,278,130,51
ASRock Radeon RX 6650 XT Challenger D ,RDNA2,PCI Express 4.0,  Base : 2 106 MHz Game : 2 447 MHz Boost : 2 669 MHz,  DirectX® 12 Ultimate Raytracing matériel AMD FreeSync Radeon™ VR Ready Premium AMD FidelityFX Radeon™ Image Sharpening Radeon™ Anti-Lag Radeon™ Software,Oui,  3 x DisplayPort 1.4 1 x HDMI 2.1   Remarque : cette carte graphique supporte jusqu'à 4 écrans maximum.,  269 x 132 x 41 mm 2.5 slots,ASRock,8,GDDR6,17.5,128,7,550,469.99,Radeon RX 6650,TopAchat.com,269,132,41
Zotac GeForce RTX 4070 Ti AMP Extreme AIRO (12 Go),Ada Lovelace,PCI Express 4.0,  Base : 2310 MHz Boost : 2700 MHz,  Real Time Ray Tracing Encodage AV1 NVIDIA DLSS 3.0 NVIDIA RTX IO NVIDIA Ansel NVIDIA G-SYNC™ HDR NVIDIA GPU Boost™ Microsoft DirectX™ 12 Ultimate OpenGL 4.6 Vulkan RT HDCP 2.3,Oui,  3 x DisplayPort 1.4a 1 x HDMI 2.1,  355.5 x 149.6 x 72.1 mm 3.5 slot,Zotac,12,GDDR6X,21.0,192,4,750,1089.99,GeForce RTX 4070,TopAchat.com,355.5,149.6,72.1
ASRock Radeon RX 6600 Challenger ITX,RDNA2,PCI Express 4.0,  Game : 2044 MHz Boost : 2491 MHz,  DirectX® 12 Ultimate Raytracing matériel AMD FreeSync Radeon™ VR Ready Premium AMD FidelityFX Radeon™ Image Sharpening Radeon™ Anti-Lag Radeon™ Software,Oui,  3 x DisplayPort 1.4 1 x HDMI 2.1   Remarque : cette carte graphique supporte jusqu'à 4 écrans maximum.,  179 x 124 x 40 mm Dual slot,ASRock,8,GDDR6,14.0,128,7,500,479.99,Radeon RX 6600,TopAchat.com,179,124,40
Asus GeForce RTX 3060 TUF GAMING O12G V2 (12 Go) (LHR),Ampere,PCI Express 4.0, Gaming Mode :  Base : 1320 MHz Boost : 1852 MHz  OC Mode :   Base : 1320 MHz Boost : 1882 MHz,  Real Time Ray Tracing NVIDIA DLSS NVIDIA RTX IO NVIDIA Ansel NVIDIA G-SYNC™ HDR NVIDIA GPU Boost™ Microsoft DirectX™ 12 Ultimate OpenGL 4.6 Vulkan RT HDCP 2.3,Oui,  3 x DisplayPort 1.4a 2 x HDMI 2.1   Remarque : cette carte graphique supporte jusqu'à 4 écrans maximum.,  301 x 143 x 54 mm 2.7 slot,Asus,12,GDDR6,15.0,192,8,650,489.99,GeForce RTX 3060,TopAchat.com,301,143,54
PNY GeForce GTX 1650 Dual Fan,Turing,PCI Express 3.0,  Base : 1 410 MHz Boost : 1 590 MHz,  NVIDIA Ansel NVIDIA G-SYNC™ NVIDIA GPU Boost™ Microsoft DirectX™ 12 OpenGL 4.5 Vulkan CUDA HDCP 2.2,Oui,  2 x DisplayPort 1.4 1 x HDMI 2.0b,  153 x 102 x 26 mm Dual slot,PNY,4,GDDR5,0.0,128,12,300,209.99,GeForce GTX 1650,TopAchat.com,153,102,26
Asus GeForce RTX 3070 TUF GAMING O8G V2 (LHR),Ampere,PCI Express 4.0,  Base : 1500 MHz Boost : 1815 MHz,  Real Time Ray Tracing NVIDIA DLSS NVIDIA RTX IO NVIDIA Ansel NVIDIA G-SYNC™ HDR NVIDIA GPU Boost™ Microsoft DirectX™ 12 Ultimate OpenGL 4.6 Vulkan RT HDCP 2.3,Oui,  3 x DisplayPort 1.4a 2 x HDMI 2.1   Remarque : cette carte graphique supporte jusqu'à 4 écrans maximum.,  299.9 x 126.9 x 51.7 mm 2.7 slot,Asus,8,GDDR6,14.0,256,8,750,699.99,GeForce RTX 3070,TopAchat.com,299.9,126.9,51.7
Gigabyte GeForce RTX 3070 GAMING OC Rev 2.0 (LHR),Ampere,PCI Express 4.0,  Base : 1500 MHz Boost : 1815 MHz,  Real Time Ray Tracing NVIDIA DLSS NVIDIA RTX IO NVIDIA Ansel NVIDIA G-SYNC™ HDR NVIDIA GPU Boost™ Microsoft DirectX™ 12 Ultimate OpenGL 4.6 Vulkan RT HDCP 2.3,Oui,  2 x DisplayPort 1.4a 2 x HDMI 2.1   Remarque : cette carte graphique supporte jusqu'à 4 écrans maximum.,  286 x 115 x 51 mm 2.5 slot,Gigabyte,8,GDDR6,14.0,256,8,650,699.99,GeForce RTX 3070,TopAchat.com,286,115,51
Asus Radeon RX 6750 XT DUAL O12G ,RDNA2,PCI Express 4.0, Gaming Mode :  Base : 2321 MHz Game : 2512 MHz Boost : 2618 MHz   OC Mode :  Base : 2321 MHz Game : 2532 MHz Boost : 2638 MHz,  DirectX® 12 Ultimate Raytracing matériel AMD FreeSync Radeon™ VR Ready Premium AMD FidelityFX Radeon™ Image Sharpening Radeon™ Anti-Lag Radeon™ Software,Oui,  3 x DisplayPort 1.4 1 x HDMI 2.1   Remarque : cette carte graphique supporte jusqu'à 4 écrans maximum.,  295 x 139 x 55 mm 2.7 slots,Asus,12,GDDR6,18.0,192,7,750,549.99,Radeon RX 6750,TopAchat.com,295,139,55
EVGA GeForce RTX 3070 FTW3 ULTRA GAMING (LHR),Ampere,PCI Express 4.0,  Base : 1580 MHz Boost : 1815 MHz,  Real Time Ray Tracing NVIDIA DLSS NVIDIA RTX IO NVIDIA Ansel NVIDIA G-SYNC™ HDR NVIDIA GPU Boost™ Microsoft DirectX™ 12 Ultimate OpenGL 4.6 Vulkan RT HDCP 2.3,Oui,  3 x DisplayPort 1.4a 1 x HDMI 2.1   Remarque : cette carte graphique supporte jusqu'à 4 écrans maximum.,  300 x 136.75 mm 2.8 slot,EVGA,8,GDDR6,14.0,256,8,650,699.99,GeForce RTX 3070,TopAchat.com,300,136.75,2.8
Gigabyte  Radeon RX 6650 XT EAGLE ,RDNA2,PCI Express 4.0,  Game : 2 410 MHz Boost : 2 635 MHz,  DirectX® 12 Ultimate Raytracing matériel AMD FreeSync Radeon™ VR Ready Premium AMD FidelityFX Radeon™ Image Sharpening Radeon™ Anti-Lag Radeon™ Software,Oui,  2 x DisplayPort 1.4 2 x HDMI 2.1   Remarque : cette carte graphique supporte jusqu'à 4 écrans maximum.,  282 x 113 x 41 mm Dual slot,Gigabyte,8,GDDR6,17.5,128,7,500,389.99,Radeon RX 6650,TopAchat.com,282,113,41
MSI GeForce RTX 3070 Ti VENTUS 3X OC (LHR),Ampere,PCI Express 4.0,  Base : 1 580 MHz Boost : 1800 MHz,  Real Time Ray Tracing NVIDIA DLSS NVIDIA RTX IO NVIDIA Ansel NVIDIA G-SYNC™ HDR NVIDIA GPU Boost™ Microsoft DirectX™ 12 Ultimate OpenGL 4.6 Vulkan RT HDCP 2.3,Oui,  3 x DisplayPort 1.4a 1 x HDMI 2.1   Remarque : cette carte graphique supporte jusqu'à 4 écrans maximum.,  316 x 121 x 56 mm 2.7 slot,MSI,8,GDDR6X,19.0,256,8,750,819.99,GeForce RTX 3070,TopAchat.com,316,121,56
ASUS GeForce RTX 4070 Ti TUF O12G GAMING (12 Go),Ada Lovelace,PCI Express 4.0,  Base : 2310 MHz Mode Gaming : 2730 MHz Mode OC : 2760 MHz,  Real Time Ray Tracing Encodage AV1 NVIDIA DLSS 3.0 NVIDIA RTX IO NVIDIA Ansel NVIDIA G-SYNC™ HDR NVIDIA GPU Boost™ Microsoft DirectX™ 12 Ultimate OpenGL 4.6 Vulkan RT HDCP 2.3,Oui,  3 x DisplayPort 1.4a 1 x HDMI 2.1,  305 x 138 x 65 mm 3.25 slot,ASUS,12,GDDR6X,21.0,192,4,750,1099.99,GeForce RTX 4070,TopAchat.com,305,138,65
MSI GeForce RTX 3050 AERO ITX (LHR),Ampere,PCI Express 4.0,  Base : 1550 MHz Boost : 1777 MHz,  Real Time Ray Tracing NVIDIA DLSS NVIDIA RTX IO NVIDIA Ansel NVIDIA G-SYNC™ HDR NVIDIA GPU Boost™ Microsoft DirectX™ 12 Ultimate OpenGL 4.6 Vulkan RT HDCP 2.3,Oui,  3 x DisplayPort 1.4a 1 x HDMI 2.1   Remarque : cette carte graphique supporte jusqu'à 4 écrans maximum.,  172 x 125 x 43 mm Dual slot,MSI,8,GDDR6,14.0,128,8,550,369.99,GeForce RTX 3050,TopAchat.com,172,125,43
AORUS GeForce RTX 4090 XTREME WATERFORCE,Ada Lovelace,PCI Express 4.0,  Base : 2230 MHz Boost : 2565 MHz,  Real Time Ray Tracing Encodage AV1 NVIDIA DLSS 3.0 NVIDIA RTX IO NVIDIA Ansel NVIDIA G-SYNC™ HDR NVIDIA GPU Boost™ Microsoft DirectX™ 12 Ultimate OpenGL 4.6 Vulkan RT HDCP 2.3,Oui,  3 x DisplayPort 1.4a 1 x HDMI 2.1, Carte graphique :  238 x 141 x 40 mm Dual slot  Radiateur :   Longueur : 360 mm  Longueur des tubes :    460 mm,AORUS,24,GDDR6X,21.0,384,4,1000,2499.99,GeForce RTX 4090,TopAchat.com,graphique,,x
Zotac GeForce RTX 4090 Trinity,Ada Lovelace,PCI Express 4.0,  Base : 2230 MHz Boost : 2520 MHz,  Real Time Ray Tracing Encodage AV1 NVIDIA DLSS 3.0 NVIDIA RTX IO NVIDIA Ansel NVIDIA G-SYNC™ HDR NVIDIA GPU Boost™ Microsoft DirectX™ 12 Ultimate OpenGL 4.6 Vulkan RT HDCP 2.3,Oui,  3 x DisplayPort 1.4a 1 x HDMI 2.1,"  356.1 x 150.1 x 71.4 mm 3,5 slots",Zotac,24,GDDR6X,21.0,384,4,1000,1949.99,GeForce RTX 4090,TopAchat.com,356.1,150.1,71.4
MSI GeForce RTX 3080 GAMING Z TRIO (LHR),Ampere,PCI Express 4.0,  Base : 1 440 MHz Boost : 1 830 MHz,  Real Time Ray Tracing NVIDIA DLSS NVIDIA RTX IO NVIDIA Ansel NVIDIA G-SYNC™ HDR NVIDIA GPU Boost™ Microsoft DirectX™ 12 Ultimate OpenGL 4.6 Vulkan RT HDCP 2.3,Oui,  3 x DisplayPort 1.4a 1 x HDMI 2.1   Remarque : cette carte graphique supporte jusqu'à 4 écrans maximum.,  323 x 140 x 56 mm 2.7 slot,MSI,10,GDDR6X,19.0,320,8,750,959.99,GeForce RTX 3080,TopAchat.com,323,140,56
Gigabyte GeForce GTX 1630 OC Low Profile,Turing,PCI Express 3.0,  Base : 1 740 MHz Boost : 1 800 MHz,  NVIDIA Ansel NVIDIA G-SYNC™ NVIDIA GPU Boost™ Microsoft DirectX™ 12 OpenGL 4.5 Vulkan CUDA HDCP 2.2,Oui,  1 x DisplayPort 1.4a 2 x HDMI 2.0b 1 x DVI-D,  166.9 x 69 x 39 mm Dual slot,Gigabyte,4,GDDR6,0.0,64,12,300,209.99,GeForce GTX 1630,TopAchat.com,166.9,69,39
Asus GeForce GTX 1630 PHOENIX,Turing,PCI Express 3.0,  Base : 1 740 MHz Gaming Mode : 1 785 MHz OC Mode : 1 815 MHz,  NVIDIA Ansel NVIDIA G-SYNC™ NVIDIA GPU Boost™ Microsoft DirectX™ 12 OpenGL 4.5 Vulkan CUDA HDCP 2.2,Oui,  1 x DisplayPort 1.4a 1 x HDMI 2.0b 1 x DVI-D,  170 x 126 x 39 mm Dual slot,Asus,4,GDDR6,0.0,64,12,300,199.99,GeForce GTX 1630,TopAchat.com,170,126,39
MSI GeForce RTX 3060 Ti VENTUS 2X V1 (LHR),Ampere,PCI Express 4.0,  Base : 1 410 MHz Boost : 1 665 MHz,  Real Time Ray Tracing NVIDIA DLSS NVIDIA RTX IO NVIDIA Ansel NVIDIA G-SYNC™ HDR NVIDIA GPU Boost™ Microsoft DirectX™ 12 Ultimate OpenGL 4.6 Vulkan RT HDCP 2.3,Oui,  3 x DisplayPort 1.4a 1 x HDMI 2.1   Remarque : cette carte graphique supporte jusqu'à 4 écrans maximum.,  235 x 124 x 42 mm Dual slot,MSI,8,GDDR6,14.0,256,8,600,589.99,GeForce RTX 3060,TopAchat.com,235,124,42
Asus GeForce RTX 4090 ROG STRIX O24G GAMING,Ada Lovelace,PCI Express 4.0,  Base : 2230 MHz Boost (Gaming Mode) : 2610 MHz Boost (OC Mode) : 2640 MHz,  Real Time Ray Tracing Encodage AV1 NVIDIA DLSS 3.0 NVIDIA RTX IO NVIDIA Ansel NVIDIA G-SYNC™ HDR NVIDIA GPU Boost™ Microsoft DirectX™ 12 Ultimate OpenGL 4.6 Vulkan RT HDCP 2.3,Oui,  3 x DisplayPort 1.4a 2 x HDMI 2.1,"  357,6 x 149,3 x 70,1 mm 4 slots",Asus,24,GDDR6X,21.0,384,4,1000,2429.99,GeForce RTX 4090,TopAchat.com,"357,6","149,3","70,1"
Asus GeForce RTX 3060 DUAL O12G V2 (12 Go) (LHR),Ampere,PCI Express 4.0, Gaming Mode :  Base : 1320 MHz Boost : 1777 MHz  OC Mode :   Base : 1320 MHz Boost : 1807 MHz,  Real Time Ray Tracing NVIDIA DLSS NVIDIA RTX IO NVIDIA Ansel NVIDIA G-SYNC™ HDR NVIDIA GPU Boost™ Microsoft DirectX™ 12 Ultimate OpenGL 4.6 Vulkan RT HDCP 2.3,Oui,  3 x DisplayPort 1.4a 1 x HDMI 2.1   Remarque : cette carte graphique supporte jusqu'à 4 écrans maximum.,  200 x 123 x 38 mm Dual slot,Asus,12,GDDR6,15.0,192,8,650,419.99,GeForce RTX 3060,TopAchat.com,200,123,38
MSI GeForce RTX 3060 Ti GAMING X (LHR),Ampere,PCI Express 4.0,  Base : 1 410 MHz Boost : 1770 MHz,  Real Time Ray Tracing NVIDIA DLSS NVIDIA RTX IO NVIDIA Ansel NVIDIA G-SYNC™ HDR NVIDIA GPU Boost™ Microsoft DirectX™ 12 Ultimate OpenGL 4.6 Vulkan RT HDCP 2.3,Oui,  3 x DisplayPort 1.4a 1 x HDMI 2.1   Remarque : cette carte graphique supporte jusqu'à 4 écrans maximum.,  278 x 135 x 51 mm 2.5 slot,MSI,8,GDDR6,14.0,256,8,600,599.99,GeForce RTX 3060,TopAchat.com,278,135,51
MSI GeForce RTX 3060 Ti VENTUS 3X OC (LHR),Ampere,PCI Express 4.0,  Base : 1 410 MHz Boost : 1 695 MHz,  Real Time Ray Tracing NVIDIA DLSS NVIDIA RTX IO NVIDIA Ansel NVIDIA G-SYNC™ HDR NVIDIA GPU Boost™ Microsoft DirectX™ 12 Ultimate OpenGL 4.6 Vulkan RT HDCP 2.3,Oui,  3 x DisplayPort 1.4a 1 x HDMI 2.1   Remarque : cette carte graphique supporte jusqu'à 4 écrans maximum.,  316 x 120 x 42 mm Dual slot,MSI,8,GDDR6,14.0,256,8,650,599.99,GeForce RTX 3060,TopAchat.com,316,120,42
Gigabyte GeForce RTX 3070 Ti GAMING OC (LHR),Ampere,PCI Express 4.0,  Base : 1580 MHz Boost : 1830 MHz,  Real Time Ray Tracing NVIDIA DLSS NVIDIA RTX IO NVIDIA Ansel NVIDIA G-SYNC™ HDR NVIDIA GPU Boost™ Microsoft DirectX™ 12 Ultimate OpenGL 4.6 Vulkan RT HDCP 2.3,Oui,  2 x DisplayPort 1.4a 2 x HDMI 2.1   Remarque : cette carte graphique supporte jusqu'à 4 écrans maximum.,  320 x 129 x 55 mm 2.7 slot,Gigabyte,8,GDDR6X,19.0,256,8,750,779.99,GeForce RTX 3070,TopAchat.com,320,129,55
ASUS GeForce RTX 4070 Ti ROG STRIX O12G GAMING (12 Go),Ada Lovelace,PCI Express 4.0,  Base : 2310 MHz Mode Gaming : 2760 MHz Mode OC : 2790 MHz,  Real Time Ray Tracing Encodage AV1 NVIDIA DLSS 3.0 NVIDIA RTX IO NVIDIA Ansel NVIDIA G-SYNC™ HDR NVIDIA GPU Boost™ Microsoft DirectX™ 12 Ultimate OpenGL 4.6 Vulkan RT HDCP 2.3,Oui,  3 x DisplayPort 1.4a 2 x HDMI 2.1,  336 x 150 x 63 mm 3.15 slot,ASUS,12,GDDR6X,21.0,192,4,750,1219.99,GeForce RTX 4070,TopAchat.com,336,150,63
Gigabyte GeForce RTX 3070 EAGLE OC Rev 2.0 (LHR),Ampere,PCI Express 4.0,  Base : 1500 MHz Boost : 1770 MHz,  Real Time Ray Tracing NVIDIA DLSS NVIDIA RTX IO NVIDIA Ansel NVIDIA G-SYNC™ HDR NVIDIA GPU Boost™ Microsoft DirectX™ 12 Ultimate OpenGL 4.6 Vulkan RT HDCP 2.3,Oui,  2 x DisplayPort 1.4a 2 x HDMI 2.1   Remarque : cette carte graphique supporte jusqu'à 4 écrans maximum.,  282 x 115 x 41 mm Dual slot,Gigabyte,8,GDDR6,14.0,256,8,650,689.99,GeForce RTX 3070,TopAchat.com,282,115,41
Gainward GeForce RTX 3080 Phoenix (LHR),Ampere,PCI Express 4.0,  Base : 1440 MHz Boost : 1710 MHz,  Real Time Ray Tracing NVIDIA DLSS NVIDIA RTX IO NVIDIA Ansel NVIDIA G-SYNC™ HDR NVIDIA GPU Boost™ Microsoft DirectX™ 12 Ultimate OpenGL 4.6 Vulkan RT HDCP 2.3,Oui,  3 x DisplayPort 1.4a 1 x HDMI 2.1   Remarque : cette carte graphique supporte jusqu'à 4 écrans maximum.,  294 x 112 x 56 mm 2.7 slot,Gainward,10,GDDR6X,19.0,320,8,750,919.99,GeForce RTX 3080,TopAchat.com,294,112,56
Sapphire Radeon RX 6800 XT PULSE ,RDNA2,PCI Express 4.0,  Base : 1825 MHz Game : 2065 MHz Boost : 2310 MHz,  DirectX® 12 Ultimate Raytracing matériel AMD FreeSync Radeon™ VR Ready Premium AMD FidelityFX Radeon™ Image Sharpening Radeon™ Anti-Lag Radeon™ Software,Oui,  3 x DisplayPort 1.4 1 x HDMI 2.1   Remarque : cette carte graphique supporte jusqu'à 4 écrans maximum.,2.7 slots,Sapphire,16,GDDR6,16.0,256,7,750,699.99,Radeon RX 6800,TopAchat.com,,,
ASUS GeForce RTX 4070 Ti ROG STRIX 12G GAMING (12 Go),Ada Lovelace,PCI Express 4.0,  Base : 2310 MHz Mode Gaming : 2610 MHz Mode OC : 2640 MHz,  Real Time Ray Tracing Encodage AV1 NVIDIA DLSS 3.0 NVIDIA RTX IO NVIDIA Ansel NVIDIA G-SYNC™ HDR NVIDIA GPU Boost™ Microsoft DirectX™ 12 Ultimate OpenGL 4.6 Vulkan RT HDCP 2.3,Oui,  3 x DisplayPort 1.4a 2 x HDMI 2.1,  336 x 150 x 63 mm 3.15 slot,ASUS,12,GDDR6X,21.0,192,4,750,1189.99,GeForce RTX 4070,TopAchat.com,336,150,63
Asus GeForce GTX 1650 TUF O4GD6-P-GAMING,Turing,PCI Express 3.0,Mode OC  Base : 1410 MHz Boost : 1755 MHz  Mode Gaming  Base : 1410 MHz Boost : 1785 MHz,  NVIDIA Ansel NVIDIA G-SYNC™ NVIDIA GPU Boost™ Microsoft DirectX™ 12 OpenGL 4.5 Vulkan CUDA HDCP 2.2,Oui,  1 x DisplayPort 1.4 1 x HDMI 2.0b 1 x DVI-D,"  204.5 x 124.9 x 45.6 mm 2,3 slot",Asus,4,GDDR6,0.0,128,12,300,239.99,GeForce GTX 1650,TopAchat.com,204.5,124.9,45.6
Sapphire Radeon RX 6500 XT PULSE GAMING OC ,RDNA2,PCI Express 4.0,  Game : 2685 MHz Boost : 2825 MHz,  DirectX® 12 Ultimate Raytracing matériel AMD FreeSync Radeon™ VR Ready Premium AMD FidelityFX Radeon™ Image Sharpening Radeon™ Anti-Lag Radeon™ Software,Oui,  1 x DisplayPort 1.4 1 x HDMI 2.1,  194 x 120 x 39.8 mm Dual slot,Sapphire,4,GDDR6,18.0,64,7,400,249.99,Radeon RX 6500,TopAchat.com,194,120,39.8
PNY GeForce RTX 4090 XLR8 VERTO EPIC-X RGB,Ada Lovelace,PCI Express 4.0,  Base : 2230 MHz Boost : 2520 MHz,  Real Time Ray Tracing Encodage AV1 NVIDIA DLSS 3.0 NVIDIA RTX IO NVIDIA Ansel NVIDIA G-SYNC™ HDR NVIDIA GPU Boost™ Microsoft DirectX™ 12 Ultimate OpenGL 4.6 Vulkan RT HDCP 2.3,Oui,  3 x DisplayPort 1.4a 1 x HDMI 2.1,"  330.2 x 127 x 50.8 mm 3,5 slots",PNY,24,GDDR6X,21.0,384,4,1000,1949.99,GeForce RTX 4090,TopAchat.com,330.2,127,50.8
Asus GeForce RTX 4090 ROG STRIX 24G GAMING,Ada Lovelace,PCI Express 4.0,  Base : 2230 MHz Boost (Gaming Mode) : 2520 MHz Boost (OC Mode) : 2550 MHz,  Real Time Ray Tracing Encodage AV1 NVIDIA DLSS 3.0 NVIDIA RTX IO NVIDIA Ansel NVIDIA G-SYNC™ HDR NVIDIA GPU Boost™ Microsoft DirectX™ 12 Ultimate OpenGL 4.6 Vulkan RT HDCP 2.3,Oui,  3 x DisplayPort 1.4a 2 x HDMI 2.1,"  357,6 x 149,3 x 70,1 mm 4 slots",Asus,24,GDDR6X,21.0,384,4,1000,2399.99,GeForce RTX 4090,TopAchat.com,"357,6","149,3","70,1"
Gigabyte GeForce RTX 4090 WINDFORCE 24G,Ada Lovelace,PCI Express 4.0,  Base : 2230 MHz Boost : 2520 MHz,  Real Time Ray Tracing Encodage AV1 NVIDIA DLSS 3.0 NVIDIA RTX IO NVIDIA Ansel NVIDIA G-SYNC™ HDR NVIDIA GPU Boost™ Microsoft DirectX™ 12 Ultimate OpenGL 4.6 Vulkan RT HDCP 2.3,Oui,  3 x DisplayPort 1.4a 1 x HDMI 2.1,  331 x 150 x 70 mm 4 slots,Gigabyte,24,GDDR6X,21.0,384,4,850,1959.99,GeForce RTX 4090,TopAchat.com,331,150,70
PowerColor Radeon RX 7900 XTX,RDNA3,PCI Express 4.0,  Base : 1900 MHz Game : 2300 MHz Boost : 2500 MHz,  DirectX® 12 Ultimate Raytracing matériel AMD FreeSync Radeon™ VR Ready Premium AMD FidelityFX Super Resolution Radeon™ Image Sharpening Radeon™ Anti-Lag Radeon™ Software,Oui,  2 x DisplayPort 2.1 1 x HDMI 2.1 1 x USB Type C   Remarque : cette carte graphique supporte jusqu'à 4 écrans maximum.,  287 x 123.2 x 51.25 mm 2.5 slots,PowerColor,24,GDDR6,20.0,384,7,800,1159.99,Radeon RX 7900,TopAchat.com,287,123.2,51.25
Zotac GeForce RTX 4080 Trinity (16 Go),Ada Lovelace,PCI Express 4.0,  Base : 2205 MHz Boost : 2505 MHz,  Real Time Ray Tracing Encodage AV1 NVIDIA DLSS 3.0 NVIDIA RTX IO NVIDIA Ansel NVIDIA G-SYNC™ HDR NVIDIA GPU Boost™ Microsoft DirectX™ 12 Ultimate OpenGL 4.6 Vulkan RT HDCP 2.3,Oui,  3 x DisplayPort 1.4a 1 x HDMI 2.1,  356.1 x 150.1 x 71.4 mm 3.5 slot,Zotac,16,GDDR6X,22.4,256,4,750,1499.99,GeForce RTX 4080,TopAchat.com,356.1,150.1,71.4
Asus GeForce RTX 4080 ROG STRIX O16G GAMING (16 Go),Ada Lovelace,PCI Express 4.0,  Base : 2205 MHz Mode Gaming : 2625 MHz Mode OC : 2655 MHz,  Real Time Ray Tracing Encodage AV1 NVIDIA DLSS 3.0 NVIDIA RTX IO NVIDIA Ansel NVIDIA G-SYNC™ HDR NVIDIA GPU Boost™ Microsoft DirectX™ 12 Ultimate OpenGL 4.6 Vulkan RT HDCP 2.3,Oui,  3 x DisplayPort 1.4a 2 x HDMI 2.1,  357.6 x 149.3 x 70.1 mm 3.5 slot,Asus,16,GDDR6X,22.4,256,4,750,1789.99,GeForce RTX 4080,TopAchat.com,357.6,149.3,70.1
MSI GeForce RTX 4090 GAMING TRIO,Ada Lovelace,PCI Express 4.0,  Base : 2230 MHz Boost : 2520 MHz Extreme Performance : 2535 MHz (via MSI Center),  Real Time Ray Tracing Encodage AV1 NVIDIA DLSS 3.0 NVIDIA RTX IO NVIDIA Ansel NVIDIA G-SYNC™ HDR NVIDIA GPU Boost™ Microsoft DirectX™ 12 Ultimate OpenGL 4.6 Vulkan RT HDCP 2.3,Oui,  3 x DisplayPort 1.4a 1 x HDMI 2.1,  337 x 140 x 77 mm 4 slots,MSI,24,GDDR6X,21.0,384,4,1000,2049.99,GeForce RTX 4090,TopAchat.com,337,140,77
MSI GeForce RTX 4090 VENTUS 3X OC,Ada Lovelace,PCI Express 4.0,  Base : 2230 MHz Boost : 2550 MHz Extreme Performance : 2565 MHz (via MSI Center),  Real Time Ray Tracing Encodage AV1 NVIDIA DLSS 3.0 NVIDIA RTX IO NVIDIA Ansel NVIDIA G-SYNC™ HDR NVIDIA GPU Boost™ Microsoft DirectX™ 12 Ultimate OpenGL 4.6 Vulkan RT HDCP 2.3,Oui,  3 x DisplayPort 1.4a 1 x HDMI 2.1,  322 x 136 x 62 mm 3.1 slots,MSI,24,GDDR6X,21.0,384,4,1000,2029.99,GeForce RTX 4090,TopAchat.com,322,136,62
MSI GeForce RTX 3050 GAMING X (LHR),Ampere,PCI Express 4.0,  Base : 1550 MHz Boost : 1845 MHz,  Real Time Ray Tracing NVIDIA DLSS NVIDIA RTX IO NVIDIA Ansel NVIDIA G-SYNC™ HDR NVIDIA GPU Boost™ Microsoft DirectX™ 12 Ultimate OpenGL 4.6 Vulkan RT HDCP 2.3,Oui,  3 x DisplayPort 1.4a 1 x HDMI 2.1   Remarque : cette carte graphique supporte jusqu'à 4 écrans maximum.,"  278 x 130 x 49 mm 2,2 slots",MSI,8,GDDR6,14.0,128,8,550,429.99,GeForce RTX 3050,TopAchat.com,278,130,49
Asus GeForce RTX 4090 TUF O24G GAMING,Ada Lovelace,PCI Express 4.0,  Base : 2230 MHz Boost (Gaming Mode) : 2565 MHz Boost (OC Mode) : 2595 MHz,  Real Time Ray Tracing Encodage AV1 NVIDIA DLSS 3.0 NVIDIA RTX IO NVIDIA Ansel NVIDIA G-SYNC™ HDR NVIDIA GPU Boost™ Microsoft DirectX™ 12 Ultimate OpenGL 4.6 Vulkan RT HDCP 2.3,Oui,  3 x DisplayPort 1.4a 2 x HDMI 2.1,  348.2 x 150 x 72.6 mm 4 slots,Asus,24,GDDR6X,21.0,384,4,1000,2279.99,GeForce RTX 4090,TopAchat.com,348.2,150,72.6
MSI GeForce RTX 4090 GAMING X TRIO,Ada Lovelace,PCI Express 4.0,  Base : 2230 MHz Boost : 2595 MHz Extreme Performance : 2610 MHz (via MSI Center),  Real Time Ray Tracing Encodage AV1 NVIDIA DLSS 3.0 NVIDIA RTX IO NVIDIA Ansel NVIDIA G-SYNC™ HDR NVIDIA GPU Boost™ Microsoft DirectX™ 12 Ultimate OpenGL 4.6 Vulkan RT HDCP 2.3,Oui,  3 x DisplayPort 1.4a 1 x HDMI 2.1,  337 x 140 x 77 mm 4 slots,MSI,24,GDDR6X,21.0,384,4,1000,2199.99,GeForce RTX 4090,TopAchat.com,337,140,77
Gigabyte Radeon RX 6500 XT GAMING OC ,RDNA2,PCI Express 4.0,  Game : 2685 MHz Boost : 2825 MHz,  DirectX® 12 Ultimate Raytracing matériel AMD FreeSync Radeon™ VR Ready Premium AMD FidelityFX Radeon™ Image Sharpening Radeon™ Anti-Lag Radeon™ Software,Oui,  1 x DisplayPort 1.4 1 x HDMI 2.1,  282 x 114 x 40 mm Dual slot,Gigabyte,4,GDDR6,18.0,64,7,400,239.99,Radeon RX 6500,TopAchat.com,282,114,40
Zotac GeForce RTX 4090 Trinity OC,Ada Lovelace,PCI Express 4.0,  Base : 2230 MHz Boost : 2535 MHz,  Real Time Ray Tracing Encodage AV1 NVIDIA DLSS 3.0 NVIDIA RTX IO NVIDIA Ansel NVIDIA G-SYNC™ HDR NVIDIA GPU Boost™ Microsoft DirectX™ 12 Ultimate OpenGL 4.6 Vulkan RT HDCP 2.3,Oui,  3 x DisplayPort 1.4a 1 x HDMI 2.1,"  356.1 x 150.1 x 71.4 mm 3,5 slots",Zotac,24,GDDR6X,21.0,384,4,1000,2079.99,GeForce RTX 4090,TopAchat.com,356.1,150.1,71.4
KFA2 GeForce RTX 4090 SG,Ada Lovelace,PCI Express 4.0,  Base : 2230 MHz Boost : 2580 MHz 1-Click OC : 2595MHz,  Real Time Ray Tracing Encodage AV1 NVIDIA DLSS 3.0 NVIDIA RTX IO NVIDIA Ansel NVIDIA G-SYNC™ HDR NVIDIA GPU Boost™ Microsoft DirectX™ 12 Ultimate OpenGL 4.6 Vulkan RT HDCP 2.3,Oui,  3 x DisplayPort 1.4a 1 x HDMI 2.1,  352 x 153 x 74 mm 4 slots,KFA2,24,GDDR6X,21.0,384,4,1000,2079.99,GeForce RTX 4090,TopAchat.com,352,153,74
Gigabyte GeForce RTX 3060 WINDFORCE OC (12 Go) (LHR),Ampere,PCI Express 4.0,  Base : 1320 MHz Boost : 1792 MHz,  Real Time Ray Tracing NVIDIA DLSS NVIDIA RTX IO NVIDIA Ansel NVIDIA G-SYNC™ HDR NVIDIA GPU Boost™ Microsoft DirectX™ 12 Ultimate OpenGL 4.6 Vulkan RT HDCP 2.3,Oui,  2 x DisplayPort 1.4a 2 x HDMI 2.1   Remarque : cette carte graphique supporte jusqu'à 4 écrans maximum.,  198 x 121 x 39 mm Dual slot,Gigabyte,12,GDDR6,15.0,192,8,550,409.99,GeForce RTX 3060,TopAchat.com,198,121,39
PNY GeForce RTX 3070 Ti VERTO Triple Fan (LHR),Ampere,PCI Express 4.0,  Base : 1575 MHz Boost : 1770 MHz,  Real Time Ray Tracing NVIDIA DLSS NVIDIA RTX IO NVIDIA Ansel NVIDIA G-SYNC™ HDR NVIDIA GPU Boost™ Microsoft DirectX™ 12 Ultimate OpenGL 4.6 Vulkan RT HDCP 2.3,Oui,  3 x DisplayPort 1.4a 1 x HDMI 2.1   Remarque : cette carte graphique supporte jusqu'à 4 écrans maximum.,"  304,8 x 101,6 x 50,8 mm 2.9 slots",PNY,8,GDDR6X,19.0,256,8,750,749.99,GeForce RTX 3070,TopAchat.com,"304,8","101,6","50,8"
Gainward GeForce GTX 1630 Ghost,Turing,PCI Express 3.0,  Base : 1 740 MHz Boost : 1 785 MHz,  NVIDIA Ansel NVIDIA G-SYNC™ NVIDIA GPU Boost™ Microsoft DirectX™ 12 OpenGL 4.5 Vulkan CUDA HDCP 2.2,Oui,  2 x DisplayPort 1.4 1 x HDMI 2.0b,  170 x 112 mm Dual slot,Gainward,4,GDDR6,0.0,64,12,300,189.99,GeForce GTX 1630,TopAchat.com,170,112,Dual
AORUS GeForce RTX 4080 MASTER (16 Go),Ada Lovelace,PCI Express 4.0,  Base : 2205 MHz Boost : 2550 MHz,  Real Time Ray Tracing Encodage AV1 NVIDIA DLSS 3.0 NVIDIA RTX IO NVIDIA Ansel NVIDIA G-SYNC™ HDR NVIDIA GPU Boost™ Microsoft DirectX™ 12 Ultimate OpenGL 4.6 Vulkan RT HDCP 2.3,Oui,  3 x DisplayPort 1.4a 1 x HDMI 2.1,  357 x 163 x 75 mm Dual slot,AORUS,16,GDDR6X,22.4,256,4,850,1749.99,GeForce RTX 4080,TopAchat.com,357,163,75
AORUS GeForce RTX 4080 XTREME WATERFORCE (16 Go),Ada Lovelace,PCI Express 4.0,  Base : 2205 MHz Boost : 2565 MHz,  Real Time Ray Tracing Encodage AV1 NVIDIA DLSS 3.0 NVIDIA RTX IO NVIDIA Ansel NVIDIA G-SYNC™ HDR NVIDIA GPU Boost™ Microsoft DirectX™ 12 Ultimate OpenGL 4.6 Vulkan RT HDCP 2.3,Oui,  3 x DisplayPort 1.4a 1 x HDMI 2.1, Carte graphique :  236 x 146 x 40 mm Dual slot  Radiateur :   Longueur : 360 mm  Longueur des tubes :    460 mm,AORUS,16,GDDR6X,22.4,256,4,850,1789.99,GeForce RTX 4080,TopAchat.com,graphique,,x
Asus Radeon RX 7900 XTX,RDNA3,PCI Express 4.0,  Base : 1900 MHz Game : 2300 MHz Boost : 2500 MHz,  DirectX® 12 Ultimate Raytracing matériel AMD FreeSync Radeon™ VR Ready Premium AMD FidelityFX Super Resolution Radeon™ Image Sharpening Radeon™ Anti-Lag Radeon™ Software,Oui,  2 x DisplayPort 2.1 1 x HDMI 2.1 1 x USB Type C   Remarque : cette carte graphique supporte jusqu'à 4 écrans maximum.,  287 x 123.2 x 51.25 mm 2.5 slots,Asus,24,GDDR6,20.0,384,7,800,1329.99,Radeon RX 7900,TopAchat.com,287,123.2,51.25
Asus Radeon RX 7900 XT,RDNA3,PCI Express 4.0,  Base : 1500 MHz Game : 2000 MHz Boost : 2400 MHz,  DirectX® 12 Ultimate Raytracing matériel AMD FreeSync Radeon™ VR Ready Premium AMD FidelityFX Super Resolution Radeon™ Image Sharpening Radeon™ Anti-Lag Radeon™ Software,Oui,  2 x DisplayPort 2.1 1 x HDMI 2.1 1 x USB Type C   Remarque : cette carte graphique supporte jusqu'à 4 écrans maximum.,  276.4 x 112.7 x 51.25 mm 2.5 slots,Asus,20,GDDR6,20.0,320,7,750,1189.99,Radeon RX 7900,TopAchat.com,276.4,112.7,51.25
Asus GeForce RTX 4080 ROG STRIX 16G GAMING (16 Go),Ada Lovelace,PCI Express 4.0,  Base : 2205 MHz Mode Gaming : 2505 MHz Mode OC : 2535 MHz,  Real Time Ray Tracing Encodage AV1 NVIDIA DLSS 3.0 NVIDIA RTX IO NVIDIA Ansel NVIDIA G-SYNC™ HDR NVIDIA GPU Boost™ Microsoft DirectX™ 12 Ultimate OpenGL 4.6 Vulkan RT HDCP 2.3,Oui,  3 x DisplayPort 1.4a 2 x HDMI 2.1,  357.6 x 149.3 x 70.1 mm 3.5 slot,Asus,16,GDDR6X,22.4,256,4,750,1749.99,GeForce RTX 4080,TopAchat.com,357.6,149.3,70.1
Gigabyte GeForce RTX 4080 EAGLE (16 Go),Ada Lovelace,PCI Express 4.0,  Base : 2205 MHz Boost : 2505 MHz,  Real Time Ray Tracing Encodage AV1 NVIDIA DLSS 3.0 NVIDIA RTX IO NVIDIA Ansel NVIDIA G-SYNC™ HDR NVIDIA GPU Boost™ Microsoft DirectX™ 12 Ultimate OpenGL 4.6 Vulkan RT HDCP 2.3,Oui,  3 x DisplayPort 1.4a 1 x HDMI 2.1,  342 x 150 x 70 mm 3.5 slot,Gigabyte,16,GDDR6X,22.4,256,4,850,1559.99,GeForce RTX 4080,TopAchat.com,342,150,70
Gigabyte Radeon RX 7900 XTX,RDNA3,PCI Express 4.0,  Base : 1900 MHz Game : 2300 MHz Boost : 2500 MHz,  DirectX® 12 Ultimate Raytracing matériel AMD FreeSync Radeon™ VR Ready Premium AMD FidelityFX Super Resolution Radeon™ Image Sharpening Radeon™ Anti-Lag Radeon™ Software,Oui,  2 x DisplayPort 2.1 1 x HDMI 2.1 1 x USB Type C   Remarque : cette carte graphique supporte jusqu'à 4 écrans maximum.,  287 x 123.2 x 51.25 mm 2.5 slots,Gigabyte,24,GDDR6,20.0,384,7,800,1189.99,Radeon RX 7900,TopAchat.com,287,123.2,51.25
KFA2 GeForce RTX 4090 ST V2 (1-Click OC),Ada Lovelace,PCI Express 4.0,  Base : 2230 MHz Boost : 2520 MHz 1-Click OC : 2535 MHz,  Real Time Ray Tracing Encodage AV1 NVIDIA DLSS 3.0 NVIDIA RTX IO NVIDIA Ansel NVIDIA G-SYNC™ HDR NVIDIA GPU Boost™ Microsoft DirectX™ 12 Ultimate OpenGL 4.6 Vulkan RT HDCP 2.3,Oui,  3 x DisplayPort 1.4a 1 x HDMI 2.1,  352 x 153 x 74 mm 4 slots,KFA2,24,GDDR6X,21.0,384,4,1000,1949.99,GeForce RTX 4090,TopAchat.com,352,153,74
Asus GeForce RTX 4090 ROG STRIX O24G WHITE,Ada Lovelace,PCI Express 4.0,  Base : 2230 MHz Boost (Gaming Mode) : 2610 MHz Boost (OC Mode) : 2640 MHz,  Real Time Ray Tracing Encodage AV1 NVIDIA DLSS 3.0 NVIDIA RTX IO NVIDIA Ansel NVIDIA G-SYNC™ HDR NVIDIA GPU Boost™ Microsoft DirectX™ 12 Ultimate OpenGL 4.6 Vulkan RT HDCP 2.3,Oui,  3 x DisplayPort 1.4a 2 x HDMI 2.1,"  357,6 x 149,3 x 70,1 mm 4 slots",Asus,24,GDDR6X,21.0,384,4,1000,2479.99,GeForce RTX 4090,TopAchat.com,"357,6","149,3","70,1"
MSI GeForce RTX 4070 Ti VENTUS 3X OC (12 Go),Ada Lovelace,PCI Express 4.0,  Base : 2310 MHz Boost : 2640 MHz Via MSI Center : 2655 MHz,  Real Time Ray Tracing Encodage AV1 NVIDIA DLSS 3.0 NVIDIA RTX IO NVIDIA Ansel NVIDIA G-SYNC™ HDR NVIDIA GPU Boost™ Microsoft DirectX™ 12 Ultimate OpenGL 4.6 Vulkan RT HDCP 2.3,Oui,  3 x DisplayPort 1.4a 1 x HDMI 2.1,"  308 x 123 x 52 mm 2,5 slots",MSI,12,GDDR6X,21.0,192,4,750,899.99,GeForce RTX 4070,TopAchat.com,308,123,52
MSI GeForce RTX 4070 Ti GAMING TRIO (12 Go),Ada Lovelace,PCI Express 4.0,  Base : 2310 MHz Boost : 2610 MHz Via MSI Center : 2625 MHz,  Real Time Ray Tracing Encodage AV1 NVIDIA DLSS 3.0 NVIDIA RTX IO NVIDIA Ansel NVIDIA G-SYNC™ HDR NVIDIA GPU Boost™ Microsoft DirectX™ 12 Ultimate OpenGL 4.6 Vulkan RT HDCP 2.3,Oui,  3 x DisplayPort 1.4a 1 x HDMI 2.1,  337 x 140 x 62 mm Triple slot,MSI,16,GDDR6X,21.0,192,4,700,999.99,GeForce RTX 4070,TopAchat.com,337,140,62
KFA2 GeForce RTX 4070 Ti ST (1-Click OC) (12 Go),Ada Lovelace,PCI Express 4.0,  Base : 2310 MHz Boost : 2610 MHz 1-Click OC : 2625 MHz,  Real Time Ray Tracing Encodage AV1 NVIDIA DLSS 3.0 NVIDIA RTX IO NVIDIA Ansel NVIDIA G-SYNC™ HDR NVIDIA GPU Boost™ Microsoft DirectX™ 12 Ultimate OpenGL 4.6 Vulkan RT HDCP 2.3,Oui,  3 x DisplayPort 1.4a 1 x HDMI 2.1,  336 x 148 x 62 mm 3 slots,KFA2,12,GDDR6X,21.0,192,4,750,1199.99,GeForce RTX 4070,TopAchat.com,336,148,62
PNY GeForce RTX 4070 Ti VERTO Triple Fan (12 Go),Ada Lovelace,PCI Express 4.0,  Base : 2310 MHz Boost : 2610 MHz,  Real Time Ray Tracing Encodage AV1 NVIDIA DLSS 3.0 NVIDIA RTX IO NVIDIA Ansel NVIDIA G-SYNC™ HDR NVIDIA GPU Boost™ Microsoft DirectX™ 12 Ultimate OpenGL 4.6 Vulkan RT HDCP 2.3,Oui,  3 x DisplayPort 1.4a 1 x HDMI 2.1,  305.1 x 119.4 x 60.6 mm Triple slot,PNY,12,GDDR6X,21.0,192,4,700,1029.99,GeForce RTX 4070,TopAchat.com,305.1,119.4,60.6
PNY GeForce RTX 4070 Ti XLR8 Gaming VERTO (12 Go),Ada Lovelace,PCI Express 4.0,  Base : 2310 MHz Boost : 2610 MHz,  Real Time Ray Tracing Encodage AV1 NVIDIA DLSS 3.0 NVIDIA RTX IO NVIDIA Ansel NVIDIA G-SYNC™ HDR NVIDIA GPU Boost™ Microsoft DirectX™ 12 Ultimate OpenGL 4.6 Vulkan RT HDCP 2.3,Oui,  3 x DisplayPort 1.4a 1 x HDMI 2.1,  332 x 137 x 66 mm 3.3 slot,PNY,12,GDDR6X,21.0,192,4,700,1089.99,GeForce RTX 4070,TopAchat.com,332,137,66
ASUS GeForce RTX 4070 Ti TUF 12G GAMING (12 Go),Ada Lovelace,PCI Express 4.0,  Base : 2310 MHz Mode Gaming : 2610 MHz Mode OC : 2640 MHz,  Real Time Ray Tracing Encodage AV1 NVIDIA DLSS 3.0 NVIDIA RTX IO NVIDIA Ansel NVIDIA G-SYNC™ HDR NVIDIA GPU Boost™ Microsoft DirectX™ 12 Ultimate OpenGL 4.6 Vulkan RT HDCP 2.3,Oui,  3 x DisplayPort 1.4a 1 x HDMI 2.1,  305 x 138 x 65 mm 3.25 slot,ASUS,12,GDDR6X,21.0,192,4,750,899.99,GeForce RTX 4070,TopAchat.com,305,138,65
MSI GeForce RTX 4090 SUPRIM X LIQUID,Ada Lovelace,PCI Express 4.0,  Base : 2230 MHz Boost : 2625 MHz Extreme Performance : 2640 MHz (via MSI Center),  Real Time Ray Tracing Encodage AV1 NVIDIA DLSS 3.0 NVIDIA RTX IO NVIDIA Ansel NVIDIA G-SYNC™ HDR NVIDIA GPU Boost™ Microsoft DirectX™ 12 Ultimate OpenGL 4.6 Vulkan RT HDCP 2.3,Oui,  3 x DisplayPort 1.4a 1 x HDMI 2.1, Carte graphique :  280 x 140 x 43 mm 2.1 slots  Radiateur + ventilateurs :   274 x 121 x 55 mm  Longueur des tubes :    470 mm,MSI,24,GDDR6X,21.0,384,4,1000,2399.99,GeForce RTX 4090,TopAchat.com,graphique,,x
MSI GeForce RTX 4070 Ti SUPRIM X (12 Go),Ada Lovelace,PCI Express 4.0,  Base : 2310 MHz Boost : 2775 MHz Via MSI Center : 2790 MHz,  Real Time Ray Tracing Encodage AV1 NVIDIA DLSS 3.0 NVIDIA RTX IO NVIDIA Ansel NVIDIA G-SYNC™ HDR NVIDIA GPU Boost™ Microsoft DirectX™ 12 Ultimate OpenGL 4.6 Vulkan RT HDCP 2.3,Oui,  3 x DisplayPort 1.4a 1 x HDMI 2.1,  338 x 142 x 73 mm 3.5 slot,MSI,12,GDDR6X,21.0,192,4,750,1149.99,GeForce RTX 4070,TopAchat.com,338,142,73
Gainward GeForce RTX 4090 Phantom GS,Ada Lovelace,PCI Express 4.0,  Base : 2230 MHz Boost : 2610 MHz,  Real Time Ray Tracing Encodage AV1 NVIDIA DLSS 3.0 NVIDIA RTX IO NVIDIA Ansel NVIDIA G-SYNC™ HDR NVIDIA GPU Boost™ Microsoft DirectX™ 12 Ultimate OpenGL 4.6 Vulkan RT HDCP 2.3,Oui,  3 x DisplayPort 1.4a 1 x HDMI 2.1,"  329.4 x 141.6 x 69.7 mm 3,5 slots",Gainward,24,GDDR6X,21.0,384,4,1200,2079.99,GeForce RTX 4090,TopAchat.com,329.4,141.6,69.7
PNY GeForce RTX 4080 TF VERTO (16 Go),Ada Lovelace,PCI Express 4.0,  Base : 2205 MHz Boost : 2505 MHz,  Real Time Ray Tracing Encodage AV1 NVIDIA DLSS 3.0 NVIDIA RTX IO NVIDIA Ansel NVIDIA G-SYNC™ HDR NVIDIA GPU Boost™ Microsoft DirectX™ 12 Ultimate OpenGL 4.6 Vulkan RT HDCP 2.3,Oui,  3 x DisplayPort 1.4a 1 x HDMI 2.1,  340.4 x 142.9 x 59.4 mm Triple slot,PNY,16,GDDR6X,22.4,256,4,750,1529.99,GeForce RTX 4080,TopAchat.com,340.4,142.9,59.4
PNY GeForce RTX 4080 XLR8 TF VERTO EPIC-X RGB (16 Go),Ada Lovelace,PCI Express 4.0,  Base : 2205 MHz Boost : 2505 MHz,  Real Time Ray Tracing Encodage AV1 NVIDIA DLSS 3.0 NVIDIA RTX IO NVIDIA Ansel NVIDIA G-SYNC™ HDR NVIDIA GPU Boost™ Microsoft DirectX™ 12 Ultimate OpenGL 4.6 Vulkan RT HDCP 2.3,Oui,  3 x DisplayPort 1.4a 1 x HDMI 2.1,  331.8 x 136.8 x 71.1 mm 3.5 slot,PNY,16,GDDR6X,22.4,256,4,750,1579.99,GeForce RTX 4080,TopAchat.com,331.8,136.8,71.1
MSI GeForce RTX 4080 GAMING TRIO (16 Go),Ada Lovelace,PCI Express 4.0,  Base : 2205 MHz Boost : 2505 MHz Via MSI Center : 2520 MHz,  Real Time Ray Tracing Encodage AV1 NVIDIA DLSS 3.0 NVIDIA RTX IO NVIDIA Ansel NVIDIA G-SYNC™ HDR NVIDIA GPU Boost™ Microsoft DirectX™ 12 Ultimate OpenGL 4.6 Vulkan RT HDCP 2.3,Oui,  3 x DisplayPort 1.4a 1 x HDMI 2.1,  337 x 140 x 67 mm 3.2 slot,MSI,16,GDDR6X,22.4,256,4,850,1529.99,GeForce RTX 4080,TopAchat.com,337,140,67
